-- phpMyAdmin SQL Dump
-- version 4.0.10.19
-- https://www.phpmyadmin.net
--
-- Host: localhost
-- Generation Time: May 09, 2017 at 05:16 PM
-- Server version: 10.0.29-MariaDB-cll-lve
-- PHP Version: 5.6.28

SET SQL_MODE = "NO_AUTO_VALUE_ON_ZERO";
SET time_zone = "+00:00";


/*!40101 SET @OLD_CHARACTER_SET_CLIENT=@@CHARACTER_SET_CLIENT */;
/*!40101 SET @OLD_CHARACTER_SET_RESULTS=@@CHARACTER_SET_RESULTS */;
/*!40101 SET @OLD_COLLATION_CONNECTION=@@COLLATION_CONNECTION */;
/*!40101 SET NAMES utf8 */;

--
-- Database: `deb38057_osm`
--

-- --------------------------------------------------------

--
-- Table structure for table `player`
--

CREATE TABLE IF NOT EXISTS `player` (
  `id` int(11) DEFAULT NULL,
  `fullName` varchar(150) CHARACTER SET utf8 DEFAULT NULL,
  `name` varchar(150) CHARACTER SET utf8 DEFAULT NULL,
  `position` int(11) DEFAULT NULL,
  `statAtt` int(11) DEFAULT NULL,
  `statDef` int(11) DEFAULT NULL,
  `statOvr` int(11) DEFAULT NULL,
  `age` int(11) DEFAULT NULL,
  `teamId` int(11) DEFAULT NULL,
  `leagueId` int(11) DEFAULT NULL,
  `fitness` int(11) DEFAULT NULL,
  `morale` int(11) DEFAULT NULL,
  `goals` int(11) DEFAULT NULL,
  `status` int(11) DEFAULT NULL,
  `unavailable` int(11) DEFAULT NULL,
  `lineup` int(11) DEFAULT NULL,
  `price` int(15) DEFAULT NULL,
  `value` int(15) DEFAULT NULL,
  `yellowCards` int(11) DEFAULT NULL,
  `trainingProgress` int(11) DEFAULT NULL,
  `trainingForecast` int(11) DEFAULT NULL,
  `injuryId` int(11) DEFAULT NULL,
  `suspensionId` int(11) DEFAULT NULL,
  `assists` int(11) DEFAULT NULL,
  `lastPlayerGrade` int(11) DEFAULT NULL,
  `averagePlayerGrade` decimal(2,1) DEFAULT NULL,
  `matchesPlayed` int(11) DEFAULT NULL,
  `goalsLastMatch` int(11) DEFAULT NULL,
  `nationality` varchar(5) CHARACTER SET utf8 DEFAULT NULL
) ENGINE=InnoDB DEFAULT CHARSET=latin1;

--
-- Dumping data for table `player`
--

INSERT INTO `player` (`id`, `fullName`, `name`, `position`, `statAtt`, `statDef`, `statOvr`, `age`, `teamId`, `leagueId`, `fitness`, `morale`, `goals`, `status`, `unavailable`, `lineup`, `price`, `value`, `yellowCards`, `trainingProgress`, `trainingForecast`, `injuryId`, `suspensionId`, `assists`, `lastPlayerGrade`, `averagePlayerGrade`, `matchesPlayed`, `goalsLastMatch`, `nationality`) VALUES
(248550000, 'Adama Diomande', 'Diomande', 1, 68, 8, 38, 27, NULL, 4238643, NULL, NULL, 0, 0, NULL, NULL, 0, 2379203, NULL, NULL, NULL, NULL, NULL, 0, NULL, NULL, NULL, NULL, 'NO'),
(248550142, 'Boaz Myhill', 'Myhill', 4, 0, 75, 37, 34, NULL, 4238643, NULL, NULL, 0, 0, NULL, NULL, 0, 2229514, NULL, NULL, NULL, NULL, NULL, 0, NULL, NULL, NULL, NULL, 'WA'),
(248549722, 'Ashley Westwood', 'Westwood', 2, 73, 76, 74, 27, NULL, 4238643, NULL, NULL, 0, 0, NULL, NULL, 0, 4375370, NULL, NULL, NULL, NULL, NULL, 0, NULL, NULL, NULL, NULL, 'GB'),
(248550040, 'Lee Grant', 'Grant L.', 4, 0, 71, 35, 34, NULL, 4238643, NULL, NULL, 0, 0, NULL, NULL, 0, 1538693, NULL, NULL, NULL, NULL, NULL, 0, NULL, NULL, NULL, NULL, 'GB'),
(248550069, 'Joleon Lescott', 'Lescott', 3, 19, 71, 45, 34, NULL, 4238643, NULL, NULL, 0, 0, NULL, NULL, 0, 2227461, NULL, NULL, NULL, NULL, NULL, 0, NULL, NULL, NULL, NULL, 'GB'),
(249084383, 'Alessio Romagnoli', 'Romagnoli A.', 3, 6, 88, 47, 22, NULL, 4238643, NULL, NULL, 0, 0, NULL, NULL, 0, 11446512, NULL, NULL, NULL, NULL, NULL, 0, NULL, NULL, NULL, NULL, 'IT'),
(249118841, 'Mattia Perin', 'Perin', 4, 0, 88, 44, 24, NULL, 4238643, NULL, NULL, 0, 0, NULL, NULL, 0, 10213150, NULL, NULL, NULL, NULL, NULL, 0, NULL, NULL, NULL, NULL, 'IT'),
(249058883, 'Jean Michaël Seri', 'Seri', 2, 81, 83, 82, 25, NULL, 4238643, NULL, NULL, 0, 0, NULL, NULL, 0, 9789115, NULL, NULL, NULL, NULL, NULL, 1, NULL, NULL, NULL, NULL, 'CI'),
(248550122, 'Ben Davies', 'Davies B.', 3, 34, 81, 57, 24, NULL, 4238643, NULL, NULL, 0, 0, NULL, NULL, 0, 7158269, NULL, NULL, NULL, NULL, NULL, 0, NULL, NULL, NULL, NULL, 'WA'),
(248914439, 'Carlos Henrique Casemiro', 'Casemiro', 2, 86, 91, 88, 25, NULL, 4238643, NULL, NULL, 0, 0, NULL, NULL, 0, 16173775, NULL, NULL, NULL, NULL, NULL, 0, NULL, NULL, NULL, NULL, 'BR'),
(249080272, 'Edin Visca', 'Visca', 2, 81, 75, 78, 27, NULL, 4238643, NULL, NULL, 0, 0, NULL, NULL, 0, 6329844, NULL, NULL, NULL, NULL, NULL, 0, NULL, NULL, NULL, NULL, 'BA'),
(248550201, 'Nico Gaitán', 'Gaitán', 1, 89, 45, 67, 29, NULL, 4238643, NULL, NULL, 1, 0, NULL, NULL, 0, 17011288, NULL, NULL, NULL, NULL, NULL, 0, NULL, NULL, NULL, NULL, 'AR'),
(248549869, 'Bartosz Kapustka', 'Kapustka', 2, 83, 79, 81, 20, NULL, 4238643, NULL, NULL, 0, 0, NULL, NULL, 0, 9525866, NULL, NULL, NULL, NULL, NULL, 0, NULL, NULL, NULL, NULL, 'PL'),
(248550133, 'Moussa Sissoko', 'Sissoko', 2, 88, 86, 87, 27, NULL, 4238643, NULL, NULL, 0, 0, NULL, NULL, 0, 13561939, NULL, NULL, NULL, NULL, NULL, 0, NULL, NULL, NULL, NULL, 'FR'),
(249018864, 'Stefan de Vrij', 'de Vrij', 3, 18, 87, 52, 25, NULL, 4238643, NULL, NULL, 0, 0, NULL, NULL, 0, 10712373, NULL, NULL, NULL, NULL, NULL, 0, NULL, NULL, NULL, NULL, 'NL'),
(248550085, 'Lynden Gooch', 'Gooch', 1, 64, 28, 46, 21, NULL, 4238643, NULL, NULL, 0, 0, NULL, NULL, 0, 2185110, NULL, NULL, NULL, NULL, NULL, 0, NULL, NULL, NULL, NULL, 'US'),
(248549947, 'Ashley Young', 'Young', 2, 85, 79, 82, 31, NULL, 4238643, NULL, NULL, 0, 0, NULL, NULL, 0, 8918285, NULL, NULL, NULL, NULL, NULL, 0, NULL, NULL, NULL, NULL, 'GB'),
(248550181, 'Jonathan Calleri', 'Calleri', 1, 78, 11, 44, 23, NULL, 4238643, NULL, NULL, 0, 0, NULL, NULL, 0, 7362791, NULL, NULL, NULL, NULL, NULL, 0, NULL, NULL, NULL, NULL, 'AR'),
(248549995, 'Shaun Maloney', 'Maloney', 2, 75, 71, 73, 34, NULL, 4238643, NULL, NULL, 0, 0, NULL, NULL, 0, 3415098, NULL, NULL, NULL, NULL, NULL, 0, NULL, NULL, NULL, NULL, 'SCL'),
(248550089, 'Duncan Watmore', 'Watmore', 1, 72, 35, 53, 23, NULL, 4238643, NULL, NULL, 0, 0, NULL, NULL, 0, 4479231, NULL, NULL, NULL, NULL, NULL, 0, NULL, NULL, NULL, NULL, 'GB'),
(248549711, 'Matthew Lowton', 'Lowton', 3, 38, 70, 54, 27, NULL, 4238643, NULL, NULL, 0, 0, NULL, NULL, 0, 2861523, NULL, NULL, NULL, NULL, NULL, 0, NULL, NULL, NULL, NULL, 'GB'),
(248549762, 'Todd Kane', 'Kane T.', 3, 35, 68, 51, 23, NULL, 4238643, NULL, NULL, 0, 0, NULL, NULL, 0, 2510186, NULL, NULL, NULL, NULL, NULL, 0, NULL, NULL, NULL, NULL, 'GB'),
(248549854, 'Mauro Zárate', 'Zárate', 1, 76, 40, 58, 30, NULL, 4238643, NULL, NULL, 0, 0, NULL, NULL, 0, 6048324, NULL, NULL, NULL, NULL, NULL, 0, NULL, NULL, NULL, NULL, 'AR'),
(248550199, 'Julian Draxler', 'Draxler', 1, 93, 44, 68, 23, NULL, 4238643, NULL, NULL, 0, 0, NULL, NULL, 0, 24163378, NULL, NULL, NULL, NULL, NULL, 1, NULL, NULL, NULL, NULL, 'DE'),
(248549757, 'Nathan Aké', 'Aké', 3, 35, 78, 56, 22, NULL, 4238643, NULL, NULL, 0, 0, NULL, NULL, 0, 5605152, NULL, NULL, NULL, NULL, NULL, 0, NULL, NULL, NULL, NULL, 'NL'),
(248578636, 'Nemanja Gudelj', 'Gudelj', 2, 76, 76, 76, 25, NULL, 4238643, NULL, NULL, 0, 0, NULL, NULL, 0, 5274659, NULL, NULL, NULL, NULL, NULL, 0, NULL, NULL, NULL, NULL, 'RS'),
(249075771, 'Gelson Dany Batalha Martins', 'Gelson Martins', 1, 85, 39, 62, 21, NULL, 4238643, NULL, NULL, 0, 0, NULL, NULL, 0, 14591522, NULL, NULL, NULL, NULL, NULL, 0, NULL, NULL, NULL, NULL, 'PT'),
(248549957, 'Daniel Ayala', 'Ayala', 3, 17, 70, 43, 26, NULL, 4238643, NULL, NULL, 0, 0, NULL, NULL, 0, 2260272, NULL, NULL, NULL, NULL, NULL, 0, NULL, NULL, NULL, NULL, 'ES'),
(248549984, 'Brian Lenihan', 'Lenihan', 3, 22, 55, 38, 22, NULL, 4238643, NULL, NULL, 0, 0, NULL, NULL, 0, 1308720, NULL, NULL, NULL, NULL, NULL, 0, NULL, NULL, NULL, NULL, 'IE'),
(248549710, 'Kevin Long', 'Long K.', 3, 8, 58, 33, 26, NULL, 4238643, NULL, NULL, 0, 0, NULL, NULL, 0, 911400, NULL, NULL, NULL, NULL, NULL, 0, NULL, NULL, NULL, NULL, 'IE'),
(248549970, 'Adlène Guédioura', 'Guédioura', 2, 72, 70, 71, 31, NULL, 4238643, NULL, NULL, 0, 0, NULL, NULL, 0, 3013028, NULL, NULL, NULL, NULL, NULL, 0, NULL, NULL, NULL, NULL, 'DZ'),
(248549739, 'Harry Arter', 'Arter', 2, 71, 69, 70, 27, NULL, 4238643, NULL, NULL, 0, 0, NULL, NULL, 0, 2840826, NULL, NULL, NULL, NULL, NULL, 0, NULL, NULL, NULL, NULL, 'IE'),
(248549774, 'Victor Moses', 'Moses', 1, 82, 42, 62, 26, NULL, 4238643, NULL, NULL, 0, 0, NULL, NULL, 0, 10823786, NULL, NULL, NULL, NULL, NULL, 0, NULL, NULL, NULL, NULL, 'NG'),
(248550004, 'Greg Luer', 'Luer', 1, 58, 12, 35, 22, NULL, 4238643, NULL, NULL, 0, 0, NULL, NULL, 0, 1225728, NULL, NULL, NULL, NULL, NULL, 0, NULL, NULL, NULL, NULL, 'GB'),
(248562640, 'Xavier Hernández Creus', 'Xavi', 2, 86, 88, 87, 37, NULL, 4238643, NULL, NULL, 0, 0, NULL, NULL, 0, 10579974, NULL, NULL, NULL, NULL, NULL, 1, NULL, NULL, NULL, NULL, 'ES'),
(248550162, 'Darren Randolph', 'Randolph', 4, 0, 70, 35, 29, NULL, 4238643, NULL, NULL, 0, 0, NULL, NULL, 0, 1628709, NULL, NULL, NULL, NULL, NULL, 0, NULL, NULL, NULL, NULL, 'IE'),
(248549699, 'Lucas Pérez', 'Pérez', 1, 86, 19, 52, 28, NULL, 4238643, NULL, NULL, 0, 0, NULL, NULL, 0, 14135813, NULL, NULL, NULL, NULL, NULL, 0, NULL, NULL, NULL, NULL, 'ES'),
(248549706, 'Paul Robinson', 'Robinson', 4, 0, 63, 31, 37, NULL, 4238643, NULL, NULL, 0, 0, NULL, NULL, 0, 676721, NULL, NULL, NULL, NULL, NULL, 0, NULL, NULL, NULL, NULL, 'GB'),
(248549721, 'Dean Marney', 'Marney', 2, 71, 71, 71, 33, NULL, 4238643, NULL, NULL, 0, 0, NULL, NULL, 0, 2842211, NULL, NULL, NULL, NULL, NULL, 0, NULL, NULL, NULL, NULL, 'GB'),
(248550022, 'Jordy Clasie', 'Clasie', 2, 79, 83, 81, 25, NULL, 4238643, NULL, NULL, 0, 0, NULL, NULL, 0, 8964921, NULL, NULL, NULL, NULL, NULL, 0, NULL, NULL, NULL, NULL, 'NL'),
(248550028, 'Oriol Romeu', 'Romeu', 2, 74, 81, 77, 25, NULL, 4238643, NULL, NULL, 0, 0, NULL, NULL, 0, 6492337, NULL, NULL, NULL, NULL, NULL, 0, NULL, NULL, NULL, NULL, 'ES'),
(248550093, 'Gerhard Tremmel', 'Tremmel', 4, 0, 63, 31, 38, NULL, 4238643, NULL, NULL, 0, 0, NULL, NULL, 0, 655581, NULL, NULL, NULL, NULL, NULL, 0, NULL, NULL, NULL, NULL, 'DE'),
(248550106, 'Jay Fulton', 'Fulton', 2, 62, 63, 62, 23, NULL, 4238643, NULL, NULL, 0, 0, NULL, NULL, 0, 1336768, NULL, NULL, NULL, NULL, NULL, 0, NULL, NULL, NULL, NULL, 'SCL'),
(248549707, 'Tendayi Darikwa', 'Darikwa', 3, 21, 64, 42, 25, NULL, 4238643, NULL, NULL, 0, 0, NULL, NULL, 0, 1722839, NULL, NULL, NULL, NULL, NULL, 0, NULL, NULL, NULL, NULL, 'GB'),
(248550203, 'Sergio Busquets', 'Busquets', 2, 96, 102, 99, 28, NULL, 4238643, NULL, NULL, 0, 0, NULL, NULL, 0, 30723928, NULL, NULL, NULL, NULL, NULL, 0, NULL, NULL, NULL, NULL, 'ES'),
(248549961, 'Fábio Pereira da Silva', 'Fábio', 3, 33, 70, 51, 26, NULL, 4238643, NULL, NULL, 0, 0, NULL, NULL, 0, 2746352, NULL, NULL, NULL, NULL, NULL, 0, NULL, NULL, NULL, NULL, 'BR'),
(248549948, 'Zlatan Ibrahimovic', 'Ibrahimovic', 1, 90, 6, 48, 35, NULL, 4238643, NULL, NULL, 0, 0, NULL, NULL, 0, 15329196, NULL, NULL, NULL, NULL, NULL, 0, NULL, NULL, NULL, NULL, 'SE'),
(248550111, 'Nathan Dyer', 'Dyer', 1, 74, 41, 57, 29, NULL, 4238643, NULL, NULL, 0, 0, NULL, NULL, 0, 5172825, NULL, NULL, NULL, NULL, NULL, 0, NULL, NULL, NULL, NULL, 'GB'),
(248969760, 'Axel Witsel', 'Witsel', 2, 86, 85, 85, 28, NULL, 4238643, NULL, NULL, 0, 0, NULL, NULL, 0, 12594613, NULL, NULL, NULL, NULL, NULL, 0, NULL, NULL, NULL, NULL, 'BE'),
(248550211, 'Ezequiel Garay', 'Garay', 3, 13, 90, 51, 30, NULL, 4238643, NULL, NULL, 0, 0, NULL, NULL, 0, 12239695, NULL, NULL, NULL, NULL, NULL, 0, NULL, NULL, NULL, NULL, 'AR'),
(249046411, 'Julian Brandt', 'Brandt', 2, 91, 85, 88, 21, NULL, 4238643, NULL, NULL, 0, 0, NULL, NULL, 0, 15794883, NULL, NULL, NULL, NULL, NULL, 0, NULL, NULL, NULL, NULL, 'DE'),
(249044718, 'Youri Tielemans', 'Tielemans', 2, 89, 91, 90, 20, NULL, 4238643, NULL, NULL, 0, 0, NULL, NULL, 0, 18388451, NULL, NULL, NULL, NULL, NULL, 0, NULL, NULL, NULL, NULL, 'BE'),
(248550182, 'Andy Carroll', 'Carroll A.', 1, 80, 9, 44, 28, NULL, 4238643, NULL, NULL, 0, 0, NULL, NULL, 0, 8334622, NULL, NULL, NULL, NULL, NULL, 0, NULL, NULL, NULL, NULL, 'GB'),
(248549908, 'Angus Gunn', 'Gunn', 4, 0, 58, 29, 21, NULL, 4238643, NULL, NULL, 0, 0, NULL, NULL, 0, 703279, NULL, NULL, NULL, NULL, NULL, 0, NULL, NULL, NULL, NULL, 'GB'),
(249037475, 'Cédric Bakambu', 'Bakambu', 1, 87, 18, 52, 26, NULL, 4238643, NULL, NULL, 0, 0, NULL, NULL, 0, 15469496, NULL, NULL, NULL, NULL, NULL, 0, NULL, NULL, NULL, NULL, 'CD'),
(248549960, 'Bernardo Espinosa', 'Espinosa', 3, 6, 71, 38, 27, NULL, 4238643, NULL, NULL, 0, 0, NULL, NULL, 0, 2213631, NULL, NULL, NULL, NULL, NULL, 0, NULL, NULL, NULL, NULL, 'CO'),
(248549907, 'Willy Caballero', 'Caballero', 4, 0, 75, 37, 35, NULL, 4238643, NULL, NULL, 0, 0, NULL, NULL, 0, 2162997, NULL, NULL, NULL, NULL, NULL, 0, NULL, NULL, NULL, NULL, 'AR'),
(248549977, 'Christhian Stuani', 'Stuani', 1, 78, 15, 46, 30, NULL, 4238643, NULL, NULL, 0, 0, NULL, NULL, 0, 6770478, NULL, NULL, NULL, NULL, NULL, 0, NULL, NULL, NULL, NULL, 'UY'),
(248549787, 'Pape Souaré', 'Souaré', 3, 32, 76, 54, 26, NULL, 4238643, NULL, NULL, 0, 0, NULL, NULL, 0, 4611684, NULL, NULL, NULL, NULL, NULL, 0, NULL, NULL, NULL, NULL, 'SN'),
(248549751, 'Junior Stanislas', 'Stanislas', 1, 74, 41, 57, 27, NULL, 4238643, NULL, NULL, 0, 0, NULL, NULL, 0, 5309115, NULL, NULL, NULL, NULL, NULL, 0, NULL, NULL, NULL, NULL, 'GB'),
(248550052, 'Stephen Ireland', 'Ireland', 2, 73, 70, 71, 30, NULL, 4238643, NULL, NULL, 0, 0, NULL, NULL, 0, 3100299, NULL, NULL, NULL, NULL, NULL, 0, NULL, NULL, NULL, NULL, 'IE'),
(248549905, 'Daniel Sturridge', 'Sturridge', 1, 88, 16, 52, 27, NULL, 4238643, NULL, NULL, 0, 0, NULL, NULL, 0, 16217696, NULL, NULL, NULL, NULL, NULL, 0, NULL, NULL, NULL, NULL, 'GB'),
(248550118, 'Pau López', 'López', 4, 0, 70, 35, 22, NULL, 4238643, NULL, NULL, 0, 0, NULL, NULL, 0, 1778901, NULL, NULL, NULL, NULL, NULL, 0, NULL, NULL, NULL, NULL, 'ES'),
(248550176, 'Mark Noble', 'Noble', 2, 78, 77, 77, 30, NULL, 4238643, NULL, NULL, 0, 0, NULL, NULL, 0, 6086105, NULL, NULL, NULL, NULL, NULL, 0, NULL, NULL, NULL, NULL, 'GB'),
(248549782, 'Damien Delaney', 'Delaney', 3, 19, 73, 46, 35, NULL, 4238643, NULL, NULL, 0, 0, NULL, NULL, 0, 2678849, NULL, NULL, NULL, NULL, NULL, 0, NULL, NULL, NULL, NULL, 'IE'),
(248549745, 'Ryan Fraser', 'Fraser', 1, 71, 28, 49, 23, NULL, 4238643, NULL, NULL, 0, 0, NULL, NULL, 0, 3887634, NULL, NULL, NULL, NULL, NULL, 0, NULL, NULL, NULL, NULL, 'SCL'),
(248550030, 'Charlie Austin', 'Austin', 1, 84, 18, 51, 27, NULL, 4238643, NULL, NULL, 0, 0, NULL, NULL, 0, 12383135, NULL, NULL, NULL, NULL, NULL, 0, NULL, NULL, NULL, NULL, 'GB'),
(249014502, 'Lucas Hernández', 'Hernández L.', 3, 5, 81, 43, 21, NULL, 4238643, NULL, NULL, 0, 0, NULL, NULL, 0, 6486844, NULL, NULL, NULL, NULL, NULL, 0, NULL, NULL, NULL, NULL, 'FR'),
(249014480, 'Elseid Hysaj', 'Hysaj', 3, 38, 84, 61, 23, NULL, 4238643, NULL, NULL, 0, 0, NULL, NULL, 0, 9492035, NULL, NULL, NULL, NULL, NULL, 0, NULL, NULL, NULL, NULL, 'AL'),
(248962135, 'Niklas Süle', 'Süle', 3, 19, 87, 53, 21, NULL, 4238643, NULL, NULL, 0, 0, NULL, NULL, 0, 11280906, NULL, NULL, NULL, NULL, NULL, 0, NULL, NULL, NULL, NULL, 'DE'),
(248562639, 'André Miguel Valente Silva', 'André Silva', 1, 87, 17, 52, 21, NULL, 4238643, NULL, NULL, 0, 0, NULL, NULL, 0, 16439368, NULL, NULL, NULL, NULL, NULL, 1, NULL, NULL, NULL, NULL, 'PT'),
(248549889, 'Alberto Moreno', 'Moreno', 3, 37, 84, 60, 24, NULL, 4238643, NULL, NULL, 0, 0, NULL, NULL, 0, 9345000, NULL, NULL, NULL, NULL, NULL, 0, NULL, NULL, NULL, NULL, 'ES'),
(248837191, 'Josip Posavec', 'Posavec', 4, 0, 94, 47, 21, NULL, 4238643, NULL, NULL, 0, 0, NULL, NULL, 0, 18131181, NULL, NULL, NULL, NULL, NULL, 0, NULL, NULL, NULL, NULL, 'HR'),
(248550115, 'Luciano Narsingh', 'Narsingh', 1, 75, 28, 51, 26, NULL, 4238643, NULL, NULL, 0, 0, NULL, NULL, 0, 5752756, NULL, NULL, NULL, NULL, NULL, 0, NULL, NULL, NULL, NULL, 'NL'),
(248550033, 'Shane Long', 'Long S.', 1, 85, 18, 51, 30, NULL, 4238643, NULL, NULL, 0, 0, NULL, NULL, 0, 12832646, NULL, NULL, NULL, NULL, NULL, 0, NULL, NULL, NULL, NULL, 'IE'),
(248550058, 'Mame Diouf', 'Diouf', 1, 77, 5, 41, 29, NULL, 4238643, NULL, NULL, 0, 0, NULL, NULL, 0, 6284543, NULL, NULL, NULL, NULL, NULL, 0, NULL, NULL, NULL, NULL, 'SN'),
(248965913, 'Mateo Kovacic', 'Kovacic', 2, 89, 91, 90, 23, NULL, 4238643, NULL, NULL, 1, 0, NULL, NULL, 0, 17738752, NULL, NULL, NULL, NULL, NULL, 1, NULL, NULL, NULL, NULL, 'HR'),
(248550208, 'Yunus Malli', 'Malli', 2, 85, 82, 83, 25, NULL, 4238643, NULL, NULL, 0, 0, NULL, NULL, 0, 11437504, NULL, NULL, NULL, NULL, NULL, 0, NULL, NULL, NULL, NULL, 'TR'),
(248549805, 'Joel Robles Vázquez', 'Robles', 4, 0, 77, 38, 26, NULL, 4238643, NULL, NULL, 0, 0, NULL, NULL, 0, 3504029, NULL, NULL, NULL, NULL, NULL, 0, NULL, NULL, NULL, NULL, 'ES'),
(248803972, 'Paulo Dybala', 'Dybala', 1, 101, 19, 60, 23, NULL, 4238643, NULL, NULL, 2, 0, NULL, NULL, 0, 39633188, NULL, NULL, NULL, NULL, NULL, 1, NULL, NULL, NULL, NULL, 'AR'),
(248549727, 'Ryan Allsop', 'Allsop', 4, 0, 58, 29, 24, NULL, 4238643, NULL, NULL, 0, 0, NULL, NULL, 0, 678135, NULL, NULL, NULL, NULL, NULL, 0, NULL, NULL, NULL, NULL, 'GB'),
(248549732, 'Steve Cook', 'Cook S.', 3, 5, 76, 40, 26, NULL, 4238643, NULL, NULL, 0, 0, NULL, NULL, 0, 3791424, NULL, NULL, NULL, NULL, NULL, 0, NULL, NULL, NULL, NULL, 'GB'),
(248549924, 'Sergio Agüero', 'Agüero', 1, 96, 15, 55, 28, NULL, 4238643, NULL, NULL, 0, 0, NULL, NULL, 0, 26617021, NULL, NULL, NULL, NULL, NULL, 0, NULL, NULL, NULL, NULL, 'AR'),
(248935259, 'Juan Bernat Velasco', 'Bernat', 3, 34, 86, 60, 24, NULL, 4238643, NULL, NULL, 0, 0, NULL, NULL, 0, 10647070, NULL, NULL, NULL, NULL, NULL, 0, NULL, NULL, NULL, NULL, 'ES'),
(248944801, 'Renato Junior Luz Sanches', 'Sanches', 2, 92, 91, 91, 19, NULL, 4238643, NULL, NULL, 0, 0, NULL, NULL, 0, 21038676, NULL, NULL, NULL, NULL, NULL, 0, NULL, NULL, NULL, NULL, 'PT'),
(248550138, 'Érik Lamela', 'Lamela', 1, 89, 46, 67, 25, NULL, 4238643, NULL, NULL, 0, 0, NULL, NULL, 0, 17917536, NULL, NULL, NULL, NULL, NULL, 0, NULL, NULL, NULL, NULL, 'AR'),
(248948964, 'Ömer Toprak', 'Toprak', 3, 5, 87, 46, 27, NULL, 4238643, NULL, NULL, 0, 0, NULL, NULL, 0, 10054324, NULL, NULL, NULL, NULL, NULL, 0, NULL, NULL, NULL, NULL, 'TR'),
(248948963, 'Aleksandar Dragovic', 'Dragovic', 3, 11, 85, 48, 26, NULL, 4238643, NULL, NULL, 0, 0, NULL, NULL, 0, 9004632, NULL, NULL, NULL, NULL, NULL, 0, NULL, NULL, NULL, NULL, 'AT'),
(248549926, 'Kelechi Iheanacho', 'Iheanacho', 1, 80, 15, 47, 20, NULL, 4238643, NULL, NULL, 0, 0, NULL, NULL, 0, 9264346, NULL, NULL, NULL, NULL, NULL, 0, NULL, NULL, NULL, NULL, 'NG'),
(248549736, 'Adam Smith', 'Smith A.', 3, 24, 71, 47, 26, NULL, 4238643, NULL, NULL, 0, 0, NULL, NULL, 0, 2788884, NULL, NULL, NULL, NULL, NULL, 0, NULL, NULL, NULL, NULL, 'GB'),
(248685582, 'Jermaine Jones', 'Jones J.', 2, 77, 82, 79, 35, NULL, 4238643, NULL, NULL, 0, 0, NULL, NULL, 0, 6587829, NULL, NULL, NULL, NULL, NULL, 0, NULL, NULL, NULL, NULL, 'US'),
(248942230, 'Rafael Alcântara do Nascimento', 'Rafinha', 2, 87, 85, 86, 24, NULL, 4238643, NULL, NULL, 0, 0, NULL, NULL, 0, 13249652, NULL, NULL, NULL, NULL, NULL, 0, NULL, NULL, NULL, NULL, 'BR'),
(248549747, 'Jordon Ibe', 'Ibe', 1, 80, 37, 58, 21, NULL, 4238643, NULL, NULL, 0, 0, NULL, NULL, 0, 9382664, NULL, NULL, NULL, NULL, NULL, 0, NULL, NULL, NULL, NULL, 'GB'),
(248549975, 'Rudy Gestede', 'Gestede', 1, 77, 18, 47, 28, NULL, 4238643, NULL, NULL, 0, 0, NULL, NULL, 0, 6490511, NULL, NULL, NULL, NULL, NULL, 0, NULL, NULL, NULL, NULL, 'BJ'),
(248550165, 'Sam Byram', 'Byram', 3, 24, 74, 49, 23, NULL, 4238643, NULL, NULL, 0, 0, NULL, NULL, 0, 3878805, NULL, NULL, NULL, NULL, NULL, 0, NULL, NULL, NULL, NULL, 'GB'),
(248854500, 'José Luis Gayá', 'Gayá', 3, 32, 87, 59, 21, NULL, 4238643, NULL, NULL, 0, 0, NULL, NULL, 0, 11700871, NULL, NULL, NULL, NULL, NULL, 0, NULL, NULL, NULL, NULL, 'ES'),
(248550204, 'Toni Kroos', 'Kroos', 2, 95, 95, 95, 27, NULL, 4238643, NULL, NULL, 1, 0, NULL, NULL, 0, 22869987, NULL, NULL, NULL, NULL, NULL, 3, NULL, NULL, NULL, NULL, 'DE'),
(248550157, 'James McClean', 'McClean', 1, 72, 41, 56, 28, NULL, 4238643, NULL, NULL, 0, 0, NULL, NULL, 0, 4262655, NULL, NULL, NULL, NULL, NULL, 0, NULL, NULL, NULL, NULL, 'IE'),
(248550127, 'Kevin Wimmer', 'Wimmer', 3, 16, 77, 46, 24, NULL, 4238643, NULL, NULL, 0, 0, NULL, NULL, 0, 4554130, NULL, NULL, NULL, NULL, NULL, 0, NULL, NULL, NULL, NULL, 'AT'),
(248549828, 'Enner Valencia', 'Valencia E.', 1, 80, 5, 42, 27, NULL, 4238643, NULL, NULL, 0, 0, NULL, NULL, 0, 8404599, NULL, NULL, NULL, NULL, NULL, 0, NULL, NULL, NULL, NULL, 'EC'),
(248925043, 'Gianluigi Donnarumma', 'Donnarumma G.', 4, 0, 90, 45, 18, NULL, 4238643, NULL, NULL, 0, 0, NULL, NULL, 0, 12859681, NULL, NULL, NULL, NULL, NULL, 0, NULL, NULL, NULL, NULL, 'IT'),
(248549790, 'Joel Ward', 'Ward J.', 3, 30, 75, 52, 27, NULL, 4238643, NULL, NULL, 0, 0, NULL, NULL, 0, 4181303, NULL, NULL, NULL, NULL, NULL, 0, NULL, NULL, NULL, NULL, 'GB'),
(248549825, 'Ademola Lookman', 'Lookman', 1, 76, 34, 55, 19, NULL, 4238643, NULL, NULL, 0, 0, NULL, NULL, 0, 6872985, NULL, NULL, NULL, NULL, NULL, 0, NULL, NULL, NULL, NULL, 'GB'),
(248549681, 'Mathieu Debuchy', 'Debuchy', 3, 45, 80, 62, 31, NULL, 4238643, NULL, NULL, 0, 0, NULL, NULL, 0, 6121353, NULL, NULL, NULL, NULL, NULL, 0, NULL, NULL, NULL, NULL, 'FR'),
(248549831, 'Heurelho Gomes', 'Gomes', 4, 0, 71, 35, 36, NULL, 4238643, NULL, NULL, 0, 0, NULL, NULL, 0, 1447572, NULL, NULL, NULL, NULL, NULL, 0, NULL, NULL, NULL, NULL, 'BR'),
(248549687, 'Per Mertesacker', 'Mertesacker', 3, 15, 83, 49, 32, NULL, 4238643, NULL, NULL, 0, 0, NULL, NULL, 0, 6959451, NULL, NULL, NULL, NULL, NULL, 0, NULL, NULL, NULL, NULL, 'DE'),
(248549755, 'Eduardo dos Reis Carvalho', 'Eduardo', 4, 0, 73, 36, 34, NULL, 4238643, NULL, NULL, 0, 0, NULL, NULL, 0, 1755794, NULL, NULL, NULL, NULL, NULL, 0, NULL, NULL, NULL, NULL, 'PT'),
(248549870, 'Andy King', 'King A.', 2, 73, 72, 72, 28, NULL, 4238643, NULL, NULL, 0, 0, NULL, NULL, 0, 3561786, NULL, NULL, NULL, NULL, NULL, 0, NULL, NULL, NULL, NULL, 'WA'),
(248549895, 'Adam Lallana', 'Lallana', 2, 90, 87, 88, 28, NULL, 4238643, NULL, NULL, 0, 0, NULL, NULL, 0, 15566569, NULL, NULL, NULL, NULL, NULL, 0, NULL, NULL, NULL, NULL, 'GB'),
(248549955, 'Dimitrios Konstantopoulos', 'Konstantopoulos', 4, 0, 63, 31, 38, NULL, 4238643, NULL, NULL, 0, 0, NULL, NULL, 0, 655581, NULL, NULL, NULL, NULL, NULL, 0, NULL, NULL, NULL, NULL, 'GR'),
(248550060, 'Ramadan Sobhi', 'Sobhi', 1, 72, 38, 55, 19, NULL, 4238643, NULL, NULL, 0, 0, NULL, NULL, 0, 4729725, NULL, NULL, NULL, NULL, NULL, 0, NULL, NULL, NULL, NULL, 'EG'),
(248803973, 'Franck Ribéry', 'Ribéry', 2, 91, 86, 88, 34, NULL, 4238643, NULL, NULL, 0, 0, NULL, NULL, 0, 13491026, NULL, NULL, NULL, NULL, NULL, 2, NULL, NULL, NULL, NULL, 'FR'),
(248550112, 'Kenji Gorré', 'Gorré', 1, 55, 22, 38, 22, NULL, 4238643, NULL, NULL, 0, 0, NULL, NULL, 0, 1182316, NULL, NULL, NULL, NULL, NULL, 0, NULL, NULL, NULL, NULL, 'NL'),
(248549890, 'Connor Randall', 'Randall', 3, 26, 61, 43, 21, NULL, 4238643, NULL, NULL, 0, 0, NULL, NULL, 0, 1738008, NULL, NULL, NULL, NULL, NULL, 0, NULL, NULL, NULL, NULL, 'GB'),
(248550014, 'Florin Gardos', 'Gardos', 3, 9, 72, 40, 28, NULL, 4238643, NULL, NULL, 0, 0, NULL, NULL, 0, 2581992, NULL, NULL, NULL, NULL, NULL, 0, NULL, NULL, NULL, NULL, 'RO'),
(248550197, 'Pierre-Emerick Aubameyang', 'Aubameyang', 1, 95, 16, 55, 27, NULL, 4238643, NULL, NULL, 5, 0, NULL, NULL, 0, 25481352, NULL, NULL, NULL, NULL, NULL, 0, NULL, NULL, NULL, NULL, 'GA'),
(248549894, 'Jordan Henderson', 'Henderson', 2, 91, 89, 90, 26, NULL, 4238643, NULL, NULL, 0, 0, NULL, NULL, 0, 17089053, NULL, NULL, NULL, NULL, NULL, 0, NULL, NULL, NULL, NULL, 'GB'),
(248549847, 'Ben Watson', 'Watson', 2, 71, 71, 71, 31, NULL, 4238643, NULL, NULL, 0, 0, NULL, NULL, 0, 3013028, NULL, NULL, NULL, NULL, NULL, 0, NULL, NULL, NULL, NULL, 'GB'),
(248549741, 'Dan Gosling', 'Gosling', 2, 73, 72, 72, 27, NULL, 4238643, NULL, NULL, 0, 0, NULL, NULL, 0, 3608098, NULL, NULL, NULL, NULL, NULL, 0, NULL, NULL, NULL, NULL, 'GB'),
(248550027, 'Harrison Reed', 'Reed', 2, 69, 67, 68, 22, NULL, 4238643, NULL, NULL, 0, 0, NULL, NULL, 0, 2206629, NULL, NULL, NULL, NULL, NULL, 0, NULL, NULL, NULL, NULL, 'GB'),
(248750263, 'João Cancelo', 'Cancelo', 3, 26, 88, 57, 22, NULL, 4238643, NULL, NULL, 0, 0, NULL, NULL, 0, 12084912, NULL, NULL, NULL, NULL, NULL, 0, NULL, NULL, NULL, NULL, 'PT'),
(248549927, 'Jesús Navas', 'Jesús Navas', 1, 88, 47, 67, 31, NULL, 4238643, NULL, NULL, 1, 0, NULL, NULL, 0, 15432313, NULL, NULL, NULL, NULL, NULL, 1, NULL, NULL, NULL, NULL, 'ES'),
(248549801, 'Bakary Sako', 'Sako', 1, 76, 35, 55, 29, NULL, 4238643, NULL, NULL, 0, 0, NULL, NULL, 0, 6082307, NULL, NULL, NULL, NULL, NULL, 0, NULL, NULL, NULL, NULL, 'ML'),
(248549841, 'Sebastian Prödl', 'Prödl', 3, 7, 74, 40, 29, NULL, 4238643, NULL, NULL, 0, 0, NULL, NULL, 0, 3097849, NULL, NULL, NULL, NULL, NULL, 0, NULL, NULL, NULL, NULL, 'AT'),
(248550090, 'Mark Birighitti', 'Birighitti', 4, 0, 66, 33, 26, NULL, 4238643, NULL, NULL, 0, 0, NULL, NULL, 0, 1179047, NULL, NULL, NULL, NULL, NULL, 0, NULL, NULL, NULL, NULL, 'AU'),
(248549852, 'Stefano Okaka Chuka', 'Okaka', 1, 76, 6, 41, 27, NULL, 4238643, NULL, NULL, 0, 0, NULL, NULL, 0, 5964205, NULL, NULL, NULL, NULL, NULL, 0, NULL, NULL, NULL, NULL, 'IT'),
(248550121, 'Cameron Carter-Vickers', 'Carter-Vickers', 3, 8, 61, 34, 19, NULL, 4238643, NULL, NULL, 0, 0, NULL, NULL, 0, 1184085, NULL, NULL, NULL, NULL, NULL, 0, NULL, NULL, NULL, NULL, 'US'),
(248549840, 'Adrian Mariappa', 'Mariappa', 3, 29, 71, 50, 30, NULL, 4238643, NULL, NULL, 0, 0, NULL, NULL, 0, 2791712, NULL, NULL, NULL, NULL, NULL, 0, NULL, NULL, NULL, NULL, 'JM'),
(248549731, 'Baily Cargill', 'Cargill', 3, 9, 58, 33, 21, NULL, 4238643, NULL, NULL, 0, 0, NULL, NULL, 0, 1001455, NULL, NULL, NULL, NULL, NULL, 0, NULL, NULL, NULL, NULL, 'GB'),
(248550192, 'Oliver McBurnie', 'McBurnie', 1, 58, 10, 34, 20, NULL, 4238643, NULL, NULL, 0, 0, NULL, NULL, 0, 1234374, NULL, NULL, NULL, NULL, NULL, 0, NULL, NULL, NULL, NULL, 'SCL'),
(248550218, 'Yvon Mvogo', 'Mvogo', 4, 0, 78, 39, 22, NULL, 4238643, NULL, NULL, 0, 0, NULL, NULL, 0, 4135874, NULL, NULL, NULL, NULL, NULL, 0, NULL, NULL, NULL, NULL, 'CH'),
(248685580, 'Jesé Rodríguez Ruiz', 'Jesé', 1, 84, 44, 64, 24, NULL, 4238643, NULL, NULL, 0, 0, NULL, NULL, 0, 13119133, NULL, NULL, NULL, NULL, NULL, 0, NULL, NULL, NULL, NULL, 'ES'),
(248828787, 'Josip Ilicic', 'Ilicic', 2, 85, 81, 83, 29, NULL, 4238643, NULL, NULL, 0, 0, NULL, NULL, 0, 10082040, NULL, NULL, NULL, NULL, NULL, 0, NULL, NULL, NULL, NULL, 'SI'),
(248830821, 'Julian Weigl', 'Weigl', 2, 90, 95, 92, 21, NULL, 4238643, NULL, NULL, 0, 0, NULL, NULL, 0, 21737388, NULL, NULL, NULL, NULL, NULL, 0, NULL, NULL, NULL, NULL, 'DE'),
(248549765, 'Kurt Zouma', 'Zouma', 3, 7, 87, 47, 22, NULL, 4238643, NULL, NULL, 0, 0, NULL, NULL, 0, 10763424, NULL, NULL, NULL, NULL, NULL, 0, NULL, NULL, NULL, NULL, 'FR'),
(248828756, 'Marcos Aoás Corrêa', 'Marquinhos', 3, 18, 93, 55, 22, NULL, 4238643, NULL, NULL, 1, 0, NULL, NULL, 0, 17192112, NULL, NULL, NULL, NULL, NULL, 0, NULL, NULL, NULL, NULL, 'BR'),
(248549963, 'Dael Fry', 'Fry', 3, 10, 58, 34, 19, NULL, 4238643, NULL, NULL, 0, 0, NULL, NULL, 0, 1058400, NULL, NULL, NULL, NULL, NULL, 0, NULL, NULL, NULL, NULL, 'GB'),
(248549962, 'George Friend', 'Friend', 3, 31, 68, 49, 29, NULL, 4238643, NULL, NULL, 0, 0, NULL, NULL, 0, 2209410, NULL, NULL, NULL, NULL, NULL, 0, NULL, NULL, NULL, NULL, 'GB'),
(248549746, 'Max-Alain Gradel', 'Gradel', 1, 77, 36, 56, 29, NULL, 4238643, NULL, NULL, 0, 0, NULL, NULL, 0, 6574455, NULL, NULL, NULL, NULL, NULL, 0, NULL, NULL, NULL, NULL, 'CI'),
(248549915, 'Pablo Zabaleta', 'Zabaleta', 3, 43, 83, 63, 32, NULL, 4238643, NULL, NULL, 0, 0, NULL, NULL, 0, 7721832, NULL, NULL, NULL, NULL, NULL, 0, NULL, NULL, NULL, NULL, 'AR'),
(248549861, 'Robert Huth', 'Huth', 3, 15, 80, 47, 32, NULL, 4238643, NULL, NULL, 0, 0, NULL, NULL, 0, 5129736, NULL, NULL, NULL, NULL, NULL, 0, NULL, NULL, NULL, NULL, 'DE'),
(248550186, 'Robert Snodgrass', 'Snodgrass', 1, 78, 42, 60, 29, NULL, 4238643, NULL, NULL, 0, 0, NULL, NULL, 0, 7113365, NULL, NULL, NULL, NULL, NULL, 0, NULL, NULL, NULL, NULL, 'SCL'),
(248549775, 'Charly Musonda Jr.', 'Musonda Jr', 1, 75, 41, 58, 20, NULL, 4238643, NULL, NULL, 0, 0, NULL, NULL, 0, 6326168, NULL, NULL, NULL, NULL, NULL, 0, NULL, NULL, NULL, NULL, 'BE'),
(248550166, 'James Collins', 'Collins', 3, 18, 75, 46, 33, NULL, 4238643, NULL, NULL, 0, 0, NULL, NULL, 0, 3368350, NULL, NULL, NULL, NULL, NULL, 0, NULL, NULL, NULL, NULL, 'WA'),
(248550025, 'Sam McQueen', 'McQueen', 2, 67, 61, 64, 22, NULL, 4238643, NULL, NULL, 0, 0, NULL, NULL, 0, 1531202, NULL, NULL, NULL, NULL, NULL, 0, NULL, NULL, NULL, NULL, 'GB'),
(248549965, 'James Husband', 'Husband', 3, 28, 61, 44, 23, NULL, 4238643, NULL, NULL, 0, 0, NULL, NULL, 0, 1759652, NULL, NULL, NULL, NULL, NULL, 0, NULL, NULL, NULL, NULL, 'GB'),
(248549728, 'Artur Boruc', 'Boruc', 4, 0, 76, 38, 37, NULL, 4238643, NULL, NULL, 0, 0, NULL, NULL, 0, 2365951, NULL, NULL, NULL, NULL, NULL, 0, NULL, NULL, NULL, NULL, 'PL'),
(248549830, 'Rene Gilmartin', 'Gilmartin', 4, 0, 58, 29, 29, NULL, 4238643, NULL, NULL, 0, 0, NULL, NULL, 0, 636228, NULL, NULL, NULL, NULL, NULL, 0, NULL, NULL, NULL, NULL, 'IE'),
(248550057, 'Peter Crouch', 'Crouch', 1, 73, 7, 40, 36, NULL, 4238643, NULL, NULL, 0, 0, NULL, NULL, 0, 3611688, NULL, NULL, NULL, NULL, NULL, 0, NULL, NULL, NULL, NULL, 'GB'),
(248549883, 'Simon Mignolet', 'Mignolet', 4, 0, 80, 40, 29, NULL, 4238643, NULL, NULL, 0, 0, NULL, NULL, 0, 4618426, NULL, NULL, NULL, NULL, NULL, 0, NULL, NULL, NULL, NULL, 'BE'),
(248549684, 'Rob Holding', 'Holding', 3, 6, 71, 38, 21, NULL, 4238643, NULL, NULL, 0, 0, NULL, NULL, 0, 2384109, NULL, NULL, NULL, NULL, NULL, 0, NULL, NULL, NULL, NULL, 'GB'),
(248550011, 'Stuart Taylor', 'Taylor S.', 4, 0, 63, 31, 36, NULL, 4238643, NULL, NULL, 0, 0, NULL, NULL, 0, 698195, NULL, NULL, NULL, NULL, NULL, 0, NULL, NULL, NULL, NULL, 'GB'),
(248549738, 'Rhoys Wiggins', 'Wiggins', 3, 27, 61, 44, 29, NULL, 4238643, NULL, NULL, 0, 0, NULL, NULL, 0, 1601529, NULL, NULL, NULL, NULL, NULL, 0, NULL, NULL, NULL, NULL, 'WA'),
(248550193, 'Aleix García', 'García', 2, 48, 53, 50, 19, NULL, 4238643, NULL, NULL, 0, 0, NULL, NULL, 0, 665138, NULL, NULL, NULL, NULL, NULL, 0, NULL, NULL, NULL, NULL, 'ES'),
(248550061, 'Jonathan Walters', 'Walters', 1, 77, 25, 51, 33, NULL, 4238643, NULL, NULL, 0, 0, NULL, NULL, 0, 5854690, NULL, NULL, NULL, NULL, NULL, 0, NULL, NULL, NULL, NULL, 'IE'),
(248549829, 'Giedrius Arlauskis', 'Arlauskis', 4, 0, 66, 33, 29, NULL, 4238643, NULL, NULL, 0, 0, NULL, NULL, 0, 1134222, NULL, NULL, NULL, NULL, NULL, 0, NULL, NULL, NULL, NULL, 'LT'),
(248550154, 'Claudio Yacob', 'Yacob', 2, 72, 77, 74, 29, NULL, 4238643, NULL, NULL, 0, 0, NULL, NULL, 0, 4263050, NULL, NULL, NULL, NULL, NULL, 0, NULL, NULL, NULL, NULL, 'AR'),
(248550010, 'Alex McCarthy', 'McCarthy A.', 4, 0, 72, 36, 27, NULL, 4238643, NULL, NULL, 0, 0, NULL, NULL, 0, 1925379, NULL, NULL, NULL, NULL, NULL, 0, NULL, NULL, NULL, NULL, 'GB'),
(248550207, 'Francisco Román Alarcón Suárez', 'Isco', 2, 92, 89, 90, 25, NULL, 4238643, NULL, NULL, 1, 0, NULL, NULL, 0, 18437464, NULL, NULL, NULL, NULL, NULL, 0, NULL, NULL, NULL, NULL, 'ES'),
(248622996, 'Ralf Fährmann', 'Fährmann', 4, 0, 82, 41, 28, NULL, 4238643, NULL, NULL, 0, 0, NULL, NULL, 0, 5521968, NULL, NULL, NULL, NULL, NULL, 0, NULL, NULL, NULL, NULL, 'DE'),
(248550164, 'Álvaro Arbeloa', 'Arbeloa', 3, 35, 73, 54, 34, NULL, 4238643, NULL, NULL, 0, 0, NULL, NULL, 0, 3171823, NULL, NULL, NULL, NULL, NULL, 0, NULL, NULL, NULL, NULL, 'ES'),
(248549898, 'Kevin Stewart', 'Stewart', 2, 64, 69, 66, 23, NULL, 4238643, NULL, NULL, 0, 0, NULL, NULL, 0, 1688699, NULL, NULL, NULL, NULL, NULL, 0, NULL, NULL, NULL, NULL, 'GB'),
(248550213, 'Mario Gaspar', 'Gaspar', 3, 33, 85, 59, 26, NULL, 4238643, NULL, NULL, 0, 0, NULL, NULL, 0, 9672992, NULL, NULL, NULL, NULL, NULL, 0, NULL, NULL, NULL, NULL, 'ES'),
(248739104, 'Stéphane Ruffier', 'Ruffier', 4, 0, 90, 45, 30, NULL, 4238643, NULL, NULL, 0, 0, NULL, NULL, 0, 11084077, NULL, NULL, NULL, NULL, NULL, 0, NULL, NULL, NULL, NULL, 'FR'),
(248550212, 'Javier Martínez Aguinaga', 'Javi Martínez', 3, 19, 88, 53, 28, NULL, 4238643, NULL, NULL, 1, 0, NULL, NULL, 0, 11003076, NULL, NULL, NULL, NULL, NULL, 3, NULL, NULL, NULL, NULL, 'ES'),
(248550215, 'Marc-André ter Stegen', 'ter Stegen', 4, 0, 90, 45, 25, NULL, 4238643, NULL, NULL, 0, 0, NULL, NULL, 0, 11823912, NULL, NULL, NULL, NULL, NULL, 0, NULL, NULL, NULL, NULL, 'DE'),
(248550037, 'Daniel Bachmann', 'Bachmann', 4, 0, 58, 29, 22, NULL, 4238643, NULL, NULL, 0, 0, NULL, NULL, 0, 694898, NULL, NULL, NULL, NULL, NULL, 0, NULL, NULL, NULL, NULL, 'AT'),
(248550017, 'Jack Stephens', 'Stephens', 3, 17, 64, 40, 23, NULL, 4238643, NULL, NULL, 0, 0, NULL, NULL, 0, 1639820, NULL, NULL, NULL, NULL, NULL, 0, NULL, NULL, NULL, NULL, 'GB'),
(248549900, 'Danny Ings', 'Ings', 1, 80, 14, 47, 25, NULL, 4238643, NULL, NULL, 0, 0, NULL, NULL, 0, 8708956, NULL, NULL, NULL, NULL, NULL, 0, NULL, NULL, NULL, NULL, 'GB'),
(248550124, 'Kieran Trippier', 'Trippier', 3, 38, 76, 57, 26, NULL, 4238643, NULL, NULL, 0, 0, NULL, NULL, 0, 4793964, NULL, NULL, NULL, NULL, NULL, 0, NULL, NULL, NULL, NULL, 'GB'),
(248549862, 'Wes Morgan', 'Morgan', 3, 17, 77, 47, 33, NULL, 4238643, NULL, NULL, 0, 0, NULL, NULL, 0, 3891846, NULL, NULL, NULL, NULL, NULL, 0, NULL, NULL, NULL, NULL, 'JM'),
(248550035, 'Jay Rodriguez', 'Rodríguez J.', 1, 81, 35, 58, 27, NULL, 4238643, NULL, NULL, 0, 0, NULL, NULL, 0, 9655990, NULL, NULL, NULL, NULL, NULL, 0, NULL, NULL, NULL, NULL, 'GB'),
(248550119, 'Michel Vorm', 'Vorm', 4, 0, 81, 40, 33, NULL, 4238643, NULL, NULL, 0, 0, NULL, NULL, 0, 4554412, NULL, NULL, NULL, NULL, NULL, 0, NULL, NULL, NULL, NULL, 'NL'),
(248549750, 'Marc Pugh', 'Pugh', 1, 75, 36, 55, 30, NULL, 4238643, NULL, NULL, 0, 0, NULL, NULL, 0, 5534972, NULL, NULL, NULL, NULL, NULL, 0, NULL, NULL, NULL, NULL, 'GB'),
(248549797, 'Fraizer Campbell', 'Campbell', 1, 70, 7, 38, 29, NULL, 4238643, NULL, NULL, 0, 0, NULL, NULL, 0, 2923669, NULL, NULL, NULL, NULL, NULL, 0, NULL, NULL, NULL, NULL, 'GB'),
(248549909, 'Gaël Clichy', 'Clichy', 3, 42, 83, 62, 31, NULL, 4238643, NULL, NULL, 0, 0, NULL, NULL, 0, 7920762, NULL, NULL, NULL, NULL, NULL, 0, NULL, NULL, NULL, NULL, 'FR'),
(248549939, 'Antonio Valencia', 'Valencia A.', 3, 45, 83, 64, 31, NULL, 4238643, NULL, NULL, 0, 0, NULL, NULL, 0, 8004846, NULL, NULL, NULL, NULL, NULL, 0, NULL, NULL, NULL, NULL, 'EC'),
(248550015, 'Cuco Martina', 'Martina', 3, 36, 70, 53, 27, NULL, 4238643, NULL, NULL, 0, 0, NULL, NULL, 0, 2801533, NULL, NULL, NULL, NULL, NULL, 0, NULL, NULL, NULL, NULL, 'AN'),
(248549876, 'Shinji Okazaki', 'Okazaki', 1, 83, 17, 50, 31, NULL, 4238643, NULL, NULL, 0, 0, NULL, NULL, 0, 10661917, NULL, NULL, NULL, NULL, NULL, 0, NULL, NULL, NULL, NULL, 'JP'),
(248703849, 'Saúl Ñíguez', 'Ñíguez', 2, 93, 93, 93, 22, NULL, 4238643, NULL, NULL, 0, 0, NULL, NULL, 0, 21478329, NULL, NULL, NULL, NULL, NULL, 0, NULL, NULL, NULL, NULL, 'ES'),
(248549855, 'Ben Hamer', 'Hamer', 4, 0, 61, 30, 29, NULL, 4238643, NULL, NULL, 0, 0, NULL, NULL, 0, 761603, NULL, NULL, NULL, NULL, NULL, 0, NULL, NULL, NULL, NULL, 'GB'),
(248550132, 'Josh Onomah', 'Onomah', 2, 72, 69, 70, 20, NULL, 4238643, NULL, NULL, 0, 0, NULL, NULL, 0, 3096069, NULL, NULL, NULL, NULL, NULL, 0, NULL, NULL, NULL, NULL, 'GB'),
(248550196, 'Sam Westley', 'Westley', 3, 22, 53, 37, 23, NULL, 4238643, NULL, NULL, 0, 0, NULL, NULL, 0, 1229865, NULL, NULL, NULL, NULL, NULL, 0, NULL, NULL, NULL, NULL, 'GB'),
(248549918, 'Fabian Delph', 'Delph', 2, 78, 78, 78, 27, NULL, 4238643, NULL, NULL, 0, 0, NULL, NULL, 0, 6329844, NULL, NULL, NULL, NULL, NULL, 0, NULL, NULL, NULL, NULL, 'GB'),
(248714197, 'Raphaël Varane', 'Varane', 3, 14, 93, 53, 24, NULL, 4238643, NULL, NULL, 0, 0, NULL, NULL, 0, 16652790, NULL, NULL, NULL, NULL, NULL, 0, NULL, NULL, NULL, NULL, 'FR'),
(248549880, 'Ádám Bogdán', 'Bogdán', 4, 0, 66, 33, 29, NULL, 4238643, NULL, NULL, 0, 0, NULL, NULL, 0, 1134222, NULL, NULL, NULL, NULL, NULL, 0, NULL, NULL, NULL, NULL, 'HU'),
(248550173, 'Edemilson Fernandes', 'Fernandes', 2, 76, 73, 74, 21, NULL, 4238643, NULL, NULL, 0, 0, NULL, NULL, 0, 4712330, NULL, NULL, NULL, NULL, NULL, 0, NULL, NULL, NULL, NULL, 'CH'),
(248549864, 'Molla Wague', 'Wague', 3, 7, 69, 38, 26, NULL, 4238643, NULL, NULL, 0, 0, NULL, NULL, 0, 1640519, NULL, NULL, NULL, NULL, NULL, 0, NULL, NULL, NULL, NULL, 'ML'),
(248549798, 'Lee Chung-yong', 'Lee Chung-yong', 1, 68, 35, 51, 28, NULL, 4238643, NULL, NULL, 0, 0, NULL, NULL, 0, 2604495, NULL, NULL, NULL, NULL, NULL, 0, NULL, NULL, NULL, NULL, 'KR'),
(248549784, 'Martin Kelly', 'Kelly', 3, 33, 72, 52, 27, NULL, 4238643, NULL, NULL, 0, 0, NULL, NULL, 0, 3335443, NULL, NULL, NULL, NULL, NULL, 0, NULL, NULL, NULL, NULL, 'GB'),
(248550184, 'Ashley Fletcher', 'Fletcher A.', 1, 66, 6, 36, 21, NULL, 4238643, NULL, NULL, 0, 0, NULL, NULL, 0, 2249720, NULL, NULL, NULL, NULL, NULL, 0, NULL, NULL, NULL, NULL, 'GB'),
(248549783, 'Zeki Fryers', 'Fryers', 3, 28, 70, 49, 24, NULL, 4238643, NULL, NULL, 0, 0, NULL, NULL, 0, 2660210, NULL, NULL, NULL, NULL, NULL, 0, NULL, NULL, NULL, NULL, 'GB'),
(248549858, 'Yohan Benalouane', 'Benalouane', 3, 13, 71, 42, 30, NULL, 4238643, NULL, NULL, 0, 0, NULL, NULL, 0, 2330272, NULL, NULL, NULL, NULL, NULL, 0, NULL, NULL, NULL, NULL, 'TN'),
(248550163, 'Raphael Spiegel', 'Spiegel', 4, 0, 61, 30, 24, NULL, 4238643, NULL, NULL, 0, 0, NULL, NULL, 0, 811769, NULL, NULL, NULL, NULL, NULL, 0, NULL, NULL, NULL, NULL, 'CH'),
(248550026, 'Jérémy Pied', 'Pied', 2, 76, 71, 73, 28, NULL, 4238643, NULL, NULL, 0, 0, NULL, NULL, 0, 3940498, NULL, NULL, NULL, NULL, NULL, 0, NULL, NULL, NULL, NULL, 'FR'),
(248550032, 'Lloyd Isgrove', 'Isgrove', 1, 58, 25, 41, 24, NULL, 4238643, NULL, NULL, 0, 0, NULL, NULL, 0, 1325744, NULL, NULL, NULL, NULL, NULL, 0, NULL, NULL, NULL, NULL, 'WA'),
(248550169, 'Doneil Henry', 'Henry', 3, 6, 60, 33, 24, NULL, 4238643, NULL, NULL, 0, 0, NULL, NULL, 0, 978110, NULL, NULL, NULL, NULL, NULL, 0, NULL, NULL, NULL, NULL, 'CA'),
(248550135, 'Harry Winks', 'Winks', 2, 72, 72, 72, 21, NULL, 4238643, NULL, NULL, 0, 0, NULL, NULL, 0, 3885968, NULL, NULL, NULL, NULL, NULL, 0, NULL, NULL, NULL, NULL, 'GB'),
(248549679, 'David Ospina', 'Ospina', 4, 0, 78, 39, 28, NULL, 4238643, NULL, NULL, 0, 0, NULL, NULL, 0, 3836567, NULL, NULL, NULL, NULL, NULL, 0, NULL, NULL, NULL, NULL, 'CO'),
(248549931, 'Sergio Romero', 'Romero', 4, 0, 85, 42, 30, NULL, 4238643, NULL, NULL, 0, 0, NULL, NULL, 0, 7013311, NULL, NULL, NULL, NULL, NULL, 0, NULL, NULL, NULL, NULL, 'AR'),
(248550195, 'Josh Sims', 'Sims', 1, 61, 25, 43, 20, NULL, 4238643, NULL, NULL, 0, 0, NULL, NULL, 0, 1736492, NULL, NULL, NULL, NULL, NULL, 0, NULL, NULL, NULL, NULL, 'GB'),
(248549885, 'Joe Gomez', 'Gomez', 3, 14, 77, 45, 19, NULL, 4238643, NULL, NULL, 0, 0, NULL, NULL, 0, 4769415, NULL, NULL, NULL, NULL, NULL, 0, NULL, NULL, NULL, NULL, 'GB'),
(248549865, 'Marcin Wasilewski', 'Wasilewski', 3, 17, 71, 44, 36, NULL, 4238643, NULL, NULL, 0, 0, NULL, NULL, 0, 2047267, NULL, NULL, NULL, NULL, NULL, 0, NULL, NULL, NULL, NULL, 'PL'),
(248550188, 'Matt Macey', 'Macey', 4, 0, 61, 30, 22, NULL, 4238643, NULL, NULL, 0, 0, NULL, NULL, 0, 831835, NULL, NULL, NULL, NULL, NULL, 0, NULL, NULL, NULL, NULL, 'GB'),
(248549810, 'Luke Garbutt', 'Garbutt', 3, 22, 68, 45, 23, NULL, 4238643, NULL, NULL, 0, 0, NULL, NULL, 0, 2100231, NULL, NULL, NULL, NULL, NULL, 0, NULL, NULL, NULL, NULL, 'GB'),
(248562641, 'Kenneth Vermeer', 'Vermeer', 4, 0, 100, 50, 31, NULL, 4238643, NULL, NULL, 0, 0, NULL, NULL, 0, 29895692, NULL, NULL, NULL, NULL, NULL, 0, NULL, NULL, NULL, NULL, 'NL'),
(248550189, 'Dominic Calvert-Lewin', 'Calvert-Lewin', 1, 66, 25, 45, 20, NULL, 4238643, NULL, NULL, 0, 0, NULL, NULL, 0, 2475286, NULL, NULL, NULL, NULL, NULL, 0, NULL, NULL, NULL, NULL, 'GB'),
(248549818, 'Tom Davies', 'Davies T.', 2, 68, 68, 68, 18, NULL, 4238643, NULL, NULL, 0, 0, NULL, NULL, 0, 2313089, NULL, NULL, NULL, NULL, NULL, 0, NULL, NULL, NULL, NULL, 'GB'),
(248549701, 'Yaya Sanogo', 'Sanogo', 1, 66, 13, 39, 24, NULL, 4238643, NULL, NULL, 0, 0, NULL, NULL, 0, 2239062, NULL, NULL, NULL, NULL, NULL, 0, NULL, NULL, NULL, NULL, 'FR'),
(248550216, 'Alphonse Aréola', 'Aréola', 4, 0, 82, 41, 24, NULL, 4238643, NULL, NULL, 0, 0, NULL, NULL, 0, 5809163, NULL, NULL, NULL, NULL, NULL, 0, NULL, NULL, NULL, NULL, 'FR'),
(248549823, 'Arouna Koné', 'Koné A.', 1, 73, 7, 40, 33, NULL, 4238643, NULL, NULL, 0, 0, NULL, NULL, 0, 3955300, NULL, NULL, NULL, NULL, NULL, 0, NULL, NULL, NULL, NULL, 'CI'),
(248549906, 'Claudio Bravo', 'Bravo', 4, 0, 87, 43, 34, NULL, 4238643, NULL, NULL, 0, 0, NULL, NULL, 0, 7689361, NULL, NULL, NULL, NULL, NULL, 0, NULL, NULL, NULL, NULL, 'CL'),
(248549813, 'Matthew Pennington', 'Pennington', 3, 12, 55, 33, 22, NULL, 4238643, NULL, NULL, 0, 0, NULL, NULL, 0, 989520, NULL, NULL, NULL, NULL, NULL, 0, NULL, NULL, NULL, NULL, 'GB'),
(248578638, 'Ederson Santana de Moraes', 'Ederson Moraes', 4, 0, 87, 43, 23, NULL, 4238643, NULL, NULL, 0, 0, NULL, NULL, 0, 9449147, NULL, NULL, NULL, NULL, NULL, 0, NULL, NULL, NULL, NULL, 'BR'),
(248572678, 'Sergio Rico', 'Rico S.', 4, 0, 91, 45, 23, NULL, 4238643, NULL, NULL, 0, 0, NULL, NULL, 0, 13136219, NULL, NULL, NULL, NULL, NULL, 0, NULL, NULL, NULL, NULL, 'ES'),
(248549913, 'Bacary Sagna', 'Sagna', 3, 42, 80, 61, 34, NULL, 4238643, NULL, NULL, 0, 0, NULL, NULL, 0, 5527594, NULL, NULL, NULL, NULL, NULL, 0, NULL, NULL, NULL, NULL, 'FR'),
(248549696, 'Olivier Giroud', 'Giroud', 1, 88, 9, 48, 30, NULL, 4238643, NULL, NULL, 0, 0, NULL, NULL, 0, 15528609, NULL, NULL, NULL, NULL, NULL, 0, NULL, NULL, NULL, NULL, 'FR'),
(248549685, 'Carl Jenkinson', 'Jenkinson', 3, 33, 76, 54, 25, NULL, 4238643, NULL, NULL, 0, 0, NULL, NULL, 0, 4700892, NULL, NULL, NULL, NULL, NULL, 0, NULL, NULL, NULL, NULL, 'GB'),
(248549940, 'Michael Carrick', 'Carrick', 2, 73, 78, 75, 35, NULL, 4238643, NULL, NULL, 0, 0, NULL, NULL, 0, 4268483, NULL, NULL, NULL, NULL, NULL, 0, NULL, NULL, NULL, NULL, 'GB'),
(248549692, 'Mohamed Elneny', 'Elneny', 2, 76, 80, 78, 24, NULL, 4238643, NULL, NULL, 0, 0, NULL, NULL, 0, 6573584, NULL, NULL, NULL, NULL, NULL, 0, NULL, NULL, NULL, NULL, 'EG'),
(248550171, 'Angelo Ogbonna', 'Ogbonna', 3, 19, 79, 49, 28, NULL, 4238643, NULL, NULL, 0, 0, NULL, NULL, 0, 5033700, NULL, NULL, NULL, NULL, NULL, 0, NULL, NULL, NULL, NULL, 'IT'),
(248550003, 'Will Keane', 'Keane W.', 1, 69, 11, 40, 24, NULL, 4238643, NULL, NULL, 0, 0, NULL, NULL, 0, 2641520, NULL, NULL, NULL, NULL, NULL, 0, NULL, NULL, NULL, NULL, 'GB'),
(248550076, 'Darron Gibson', 'Gibson D.', 2, 68, 68, 68, 29, NULL, 4238643, NULL, NULL, 0, 0, NULL, NULL, 0, 2020324, NULL, NULL, NULL, NULL, NULL, 0, NULL, NULL, NULL, NULL, 'IE'),
(248550007, 'Oumar Niasse', 'Niasse', 1, 79, 9, 44, 27, NULL, 4238643, NULL, NULL, 0, 0, NULL, NULL, 0, 7479553, NULL, NULL, NULL, NULL, NULL, 0, NULL, NULL, NULL, NULL, 'SN'),
(249154444, 'Sime Vrsaljko', 'Vrsaljko', 3, 35, 86, 60, 25, NULL, 4238643, NULL, NULL, 0, 0, NULL, NULL, 0, 10546242, NULL, NULL, NULL, NULL, NULL, 0, NULL, NULL, NULL, NULL, 'HR'),
(248550198, 'Edinson Cavani', 'Cavani', 1, 93, 16, 54, 30, NULL, 4238643, NULL, NULL, 1, 0, NULL, NULL, 0, 21839955, NULL, NULL, NULL, NULL, NULL, 0, NULL, NULL, NULL, NULL, 'UY'),
(248549923, 'Yaya Touré', 'Touré', 2, 94, 93, 93, 33, NULL, 4238643, NULL, NULL, 0, 0, NULL, NULL, 0, 18868846, NULL, NULL, NULL, NULL, NULL, 0, NULL, NULL, NULL, NULL, 'CI'),
(249155815, 'Kai Havertz', 'Havertz', 2, 80, 77, 78, 17, NULL, 4238643, NULL, NULL, 0, 0, NULL, NULL, 0, 8049017, NULL, NULL, NULL, NULL, NULL, 0, NULL, NULL, NULL, NULL, 'DE'),
(249154490, 'Kylian Mbappé', 'Mbappé', 1, 82, 8, 45, 18, NULL, 4238643, NULL, NULL, 0, 0, NULL, NULL, 0, 11557084, NULL, NULL, NULL, NULL, NULL, 0, NULL, NULL, NULL, NULL, 'FR'),
(248549954, 'Brad Guzan', 'Guzan', 4, 0, 73, 36, 32, NULL, 4238643, NULL, NULL, 0, 0, NULL, NULL, 0, 1862932, NULL, NULL, NULL, NULL, NULL, 0, NULL, NULL, NULL, NULL, 'US'),
(248550001, 'Kamil Grosicki', 'Grosicki', 1, 76, 36, 56, 28, NULL, 4238643, NULL, NULL, 0, 0, NULL, NULL, 0, 6171908, NULL, NULL, NULL, NULL, NULL, 0, NULL, NULL, NULL, NULL, 'PL'),
(249144307, 'Yannick Gerhardt', 'Gerhardt', 3, 36, 82, 59, 23, NULL, 4238643, NULL, NULL, 0, 0, NULL, NULL, 0, 8016197, NULL, NULL, NULL, NULL, NULL, 0, NULL, NULL, NULL, NULL, 'DE'),
(249144269, 'Thomas Didillon', 'Didillon', 4, 0, 74, 37, 21, NULL, 4238643, NULL, NULL, 0, 0, NULL, NULL, 0, 2346958, NULL, NULL, NULL, NULL, NULL, 0, NULL, NULL, NULL, NULL, 'FR'),
(248549910, 'Aleksandar Kolarov', 'Kolarov', 3, 45, 86, 65, 31, NULL, 4238643, NULL, NULL, 0, 0, NULL, NULL, 0, 9888340, NULL, NULL, NULL, NULL, NULL, 0, NULL, NULL, NULL, NULL, 'RS'),
(248550206, 'João Moutinho', 'Moutinho', 2, 92, 92, 92, 30, NULL, 4238643, NULL, NULL, 0, 0, NULL, NULL, 0, 18344835, NULL, NULL, NULL, NULL, NULL, 1, NULL, NULL, NULL, NULL, 'PT'),
(248549715, 'Scott Arfield', 'Arfield', 2, 75, 70, 72, 28, NULL, 4238643, NULL, NULL, 0, 0, NULL, NULL, 0, 3561786, NULL, NULL, NULL, NULL, NULL, 0, NULL, NULL, NULL, NULL, 'CA'),
(248550031, 'Manolo Gabbiadini', 'Gabbiadini', 1, 86, 14, 50, 25, NULL, 4238643, NULL, NULL, 1, 0, NULL, NULL, 0, 14637986, NULL, NULL, NULL, NULL, NULL, 1, NULL, NULL, NULL, NULL, 'IT'),
(248550066, 'Papy Djilobodji', 'Djilobodji', 3, 6, 75, 40, 28, NULL, 4238643, NULL, NULL, 0, 0, NULL, NULL, 0, 3416993, NULL, NULL, NULL, NULL, NULL, 0, NULL, NULL, NULL, NULL, 'SN'),
(248550020, 'Maya Yoshida', 'Yoshida', 3, 14, 74, 44, 28, NULL, 4238643, NULL, NULL, 0, 0, NULL, NULL, 0, 3345929, NULL, NULL, NULL, NULL, NULL, 0, NULL, NULL, NULL, NULL, 'JP'),
(248550158, 'Matt Phillips', 'Phillips', 1, 79, 33, 56, 26, NULL, 4238643, NULL, NULL, 0, 0, NULL, NULL, 0, 7808875, NULL, NULL, NULL, NULL, NULL, 0, NULL, NULL, NULL, NULL, 'SCL'),
(248550159, 'Hal Robson-Kanu', 'Robson-Kanu', 1, 72, 37, 54, 27, NULL, 4238643, NULL, NULL, 1, 0, NULL, NULL, 0, 4279686, NULL, NULL, NULL, NULL, NULL, 0, NULL, NULL, NULL, NULL, 'WA'),
(248550062, 'Vito Mannone', 'Mannone', 4, 0, 71, 35, 29, NULL, 4238643, NULL, NULL, 0, 0, NULL, NULL, 0, 1752331, NULL, NULL, NULL, NULL, NULL, 0, NULL, NULL, NULL, NULL, 'IT'),
(248549742, 'Andrew Surman', 'Surman', 2, 76, 74, 75, 30, NULL, 4238643, NULL, NULL, 0, 0, NULL, NULL, 0, 4575754, NULL, NULL, NULL, NULL, NULL, 0, NULL, NULL, NULL, NULL, 'GB'),
(248549726, 'Sam Vokes', 'Vokes', 1, 74, 9, 41, 27, NULL, 4238643, NULL, NULL, 0, 0, NULL, NULL, 0, 5001966, NULL, NULL, NULL, NULL, NULL, 0, NULL, NULL, NULL, NULL, 'WA'),
(248550002, 'Abel Hernández', 'Hernández', 1, 78, 7, 42, 26, NULL, 4238643, NULL, NULL, 0, 0, NULL, NULL, 0, 7054235, NULL, NULL, NULL, NULL, NULL, 0, NULL, NULL, NULL, NULL, 'UY'),
(248550114, 'Jefferson Montero', 'Montero', 1, 75, 41, 58, 27, NULL, 4238643, NULL, NULL, 0, 0, NULL, NULL, 0, 5804632, NULL, NULL, NULL, NULL, NULL, 0, NULL, NULL, NULL, NULL, 'EC'),
(248549976, 'Álvaro Negredo', 'Negredo', 1, 82, 6, 44, 31, NULL, 4238643, NULL, NULL, 0, 0, NULL, NULL, 0, 9662993, NULL, NULL, NULL, NULL, NULL, 0, NULL, NULL, NULL, NULL, 'ES'),
(248549999, 'Jarrod Bowen', 'Bowen', 1, 58, 24, 41, 20, NULL, 4238643, NULL, NULL, 0, 0, NULL, NULL, 0, 1380825, NULL, NULL, NULL, NULL, NULL, 0, NULL, NULL, NULL, NULL, 'GB'),
(249297296, 'Ivan Rakitic', 'Rakitic', 2, 94, 92, 93, 29, NULL, 4238643, NULL, NULL, 0, 0, NULL, NULL, 0, 19664918, NULL, NULL, NULL, NULL, NULL, 0, NULL, NULL, NULL, NULL, 'HR'),
(248550075, 'Lee Cattermole', 'Cattermole', 2, 71, 76, 73, 29, NULL, 4238643, NULL, NULL, 0, 0, NULL, NULL, 0, 3889263, NULL, NULL, NULL, NULL, NULL, 0, NULL, NULL, NULL, NULL, 'GB'),
(248549934, 'Matteo Darmian', 'Darmian', 3, 30, 83, 56, 27, NULL, 4238643, NULL, NULL, 0, 0, NULL, NULL, 0, 8116647, NULL, NULL, NULL, NULL, NULL, 0, NULL, NULL, NULL, NULL, 'IT'),
(248549997, 'David Meyler', 'Meyler', 2, 72, 70, 71, 27, NULL, 4238643, NULL, NULL, 0, 0, NULL, NULL, 0, 3224462, NULL, NULL, NULL, NULL, NULL, 0, NULL, NULL, NULL, NULL, 'IE'),
(248549748, 'Joshua King', 'King J.', 1, 76, 36, 56, 25, NULL, 4238643, NULL, NULL, 0, 0, NULL, NULL, 0, 6412656, NULL, NULL, NULL, NULL, NULL, 0, NULL, NULL, NULL, NULL, 'NO'),
(248549979, 'Eldin Jakupovic', 'Jakupovic', 4, 0, 70, 35, 32, NULL, 4238643, NULL, NULL, 0, 0, NULL, NULL, 0, 1517410, NULL, NULL, NULL, NULL, NULL, 0, NULL, NULL, NULL, NULL, 'CH'),
(248549812, 'Philip Jagielka', 'Jagielka', 3, 19, 76, 47, 34, NULL, 4238643, NULL, NULL, 0, 0, NULL, NULL, 0, 3561885, NULL, NULL, NULL, NULL, NULL, 0, NULL, NULL, NULL, NULL, 'GB'),
(249286011, 'Iñigo Martínez', 'Martínez I.', 3, 19, 88, 53, 25, NULL, 4238643, NULL, NULL, 0, 0, NULL, NULL, 0, 11432274, NULL, NULL, NULL, NULL, NULL, 0, NULL, NULL, NULL, NULL, 'ES'),
(249273504, 'Jordi Alba', 'Alba', 3, 47, 90, 68, 28, NULL, 4238643, NULL, NULL, 0, 0, NULL, NULL, 0, 13573223, NULL, NULL, NULL, NULL, NULL, 0, NULL, NULL, NULL, NULL, 'ES'),
(249273505, 'Kevin Trapp', 'Trapp', 4, 0, 86, 43, 26, NULL, 4238643, NULL, NULL, 0, 0, NULL, NULL, 0, 8245435, NULL, NULL, NULL, NULL, NULL, 0, NULL, NULL, NULL, NULL, 'DE'),
(249297297, 'Jefferson de Oliveira Galvão', 'Jefferson', 4, 0, 80, 40, 34, NULL, 4238643, NULL, NULL, 0, 0, NULL, NULL, 0, 4055365, NULL, NULL, NULL, NULL, NULL, 0, NULL, NULL, NULL, NULL, 'BR'),
(248549877, 'Islam Slimani', 'Slimani', 1, 88, 18, 53, 28, NULL, 4238643, NULL, NULL, 0, 0, NULL, NULL, 0, 16028485, NULL, NULL, NULL, NULL, NULL, 0, NULL, NULL, NULL, NULL, 'DZ'),
(248550072, 'Patrick McNair', 'McNair', 3, 18, 75, 46, 22, NULL, 4238643, NULL, NULL, 0, 0, NULL, NULL, 0, 4066608, NULL, NULL, NULL, NULL, NULL, 0, NULL, NULL, NULL, NULL, 'I2'),
(248550088, 'Steven Pienaar', 'Pienaar', 1, 78, 35, 56, 35, NULL, 4238643, NULL, NULL, 0, 0, NULL, NULL, 0, 6004009, NULL, NULL, NULL, NULL, NULL, 0, NULL, NULL, NULL, NULL, 'ZA'),
(248549969, 'Adam Forshaw', 'Forshaw', 2, 73, 72, 72, 25, NULL, 4238643, NULL, NULL, 0, 0, NULL, NULL, 0, 3700721, NULL, NULL, NULL, NULL, NULL, 0, NULL, NULL, NULL, NULL, 'GB'),
(249258600, 'Theo Hernández', 'Hernández T.', 3, 28, 80, 54, 19, NULL, 4238643, NULL, NULL, 0, 0, NULL, NULL, 0, 6661305, NULL, NULL, NULL, NULL, NULL, 0, NULL, NULL, NULL, NULL, 'FR'),
(248549966, 'Adam Clayton', 'Clayton', 2, 73, 71, 72, 28, NULL, 4238643, NULL, NULL, 0, 0, NULL, NULL, 0, 3561786, NULL, NULL, NULL, NULL, NULL, 0, NULL, NULL, NULL, NULL, 'GB'),
(248550082, 'Victor Anichebe', 'Anichebe', 1, 68, 18, 43, 29, NULL, 4238643, NULL, NULL, 0, 0, NULL, NULL, 0, 2411647, NULL, NULL, NULL, NULL, NULL, 0, NULL, NULL, NULL, NULL, 'NG'),
(248549857, 'Ron-Robert Zieler', 'Zieler', 4, 0, 80, 40, 28, NULL, 4238643, NULL, NULL, 0, 0, NULL, NULL, 0, 4679268, NULL, NULL, NULL, NULL, NULL, 0, NULL, NULL, NULL, NULL, 'DE'),
(249258598, 'Alex Sandro Lobo Silva', 'Alex Sandro', 3, 36, 89, 62, 26, NULL, 4238643, NULL, NULL, 0, 0, NULL, NULL, 0, 12486180, NULL, NULL, NULL, NULL, NULL, 0, NULL, NULL, NULL, NULL, 'BR'),
(248549788, 'James Tomkins', 'Tomkins', 3, 19, 77, 48, 28, NULL, 4238643, NULL, NULL, 0, 0, NULL, NULL, 0, 4417812, NULL, NULL, NULL, NULL, NULL, 0, NULL, NULL, NULL, NULL, 'GB'),
(248550210, 'Giorgio Chiellini', 'Chiellini', 3, 19, 92, 55, 32, NULL, 4238643, NULL, NULL, 0, 0, NULL, NULL, 0, 13701079, NULL, NULL, NULL, NULL, NULL, 0, NULL, NULL, NULL, NULL, 'IT'),
(248550023, 'Steven Davis', 'Davis', 2, 83, 80, 81, 32, NULL, 4238643, NULL, NULL, 0, 0, NULL, NULL, 0, 8663645, NULL, NULL, NULL, NULL, NULL, 0, NULL, NULL, NULL, NULL, 'I2'),
(248549792, 'Mathieu Flamini', 'Flamini', 2, 74, 77, 75, 33, NULL, 4238643, NULL, NULL, 0, 0, NULL, NULL, 0, 4532996, NULL, NULL, NULL, NULL, NULL, 0, NULL, NULL, NULL, NULL, 'FR'),
(248549873, 'Demarai Gray', 'Gray D.', 1, 78, 43, 60, 20, NULL, 4238643, NULL, NULL, 0, 0, NULL, NULL, 0, 7967206, NULL, NULL, NULL, NULL, NULL, 0, NULL, NULL, NULL, NULL, 'GB'),
(248549712, 'Ben Mee', 'Mee', 3, 35, 75, 55, 27, NULL, 4238643, NULL, NULL, 0, 0, NULL, NULL, 0, 4331278, NULL, NULL, NULL, NULL, NULL, 0, NULL, NULL, NULL, NULL, 'GB'),
(248549803, 'Connor Wickham', 'Wickham', 1, 76, 9, 42, 24, NULL, 4238643, NULL, NULL, 0, 0, NULL, NULL, 0, 6223770, NULL, NULL, NULL, NULL, NULL, 0, NULL, NULL, NULL, NULL, 'GB'),
(248550178, 'Pedro Obiang', 'Obiang', 2, 78, 80, 79, 25, NULL, 4238643, NULL, NULL, 0, 0, NULL, NULL, 0, 7316532, NULL, NULL, NULL, NULL, NULL, 0, NULL, NULL, NULL, NULL, 'ES');
INSERT INTO `player` (`id`, `fullName`, `name`, `position`, `statAtt`, `statDef`, `statOvr`, `age`, `teamId`, `leagueId`, `fitness`, `morale`, `goals`, `status`, `unavailable`, `lineup`, `price`, `value`, `yellowCards`, `trainingProgress`, `trainingForecast`, `injuryId`, `suspensionId`, `assists`, `lastPlayerGrade`, `averagePlayerGrade`, `matchesPlayed`, `goalsLastMatch`, `nationality`) VALUES
(248549938, 'Chris Smalling', 'Smalling', 3, 18, 87, 52, 27, NULL, 4238643, NULL, NULL, 0, 0, NULL, NULL, 0, 10444259, NULL, NULL, NULL, NULL, NULL, 1, NULL, NULL, NULL, NULL, 'GB'),
(249198743, 'Aymeric Laporte', 'Laporte', 3, 9, 88, 48, 22, NULL, 4238643, NULL, NULL, 0, 0, NULL, NULL, 0, 11542272, NULL, NULL, NULL, NULL, NULL, 0, NULL, NULL, NULL, NULL, 'FR'),
(248550146, 'Brendan Galloway', 'Galloway', 3, 38, 73, 55, 21, NULL, 4238643, NULL, NULL, 0, 0, NULL, NULL, 0, 4089813, NULL, NULL, NULL, NULL, NULL, 0, NULL, NULL, NULL, NULL, 'GB'),
(249194858, 'Mauro Emanuel Icardi Rivero', 'Icardi', 1, 94, 6, 50, 24, NULL, 4238643, NULL, NULL, 0, 0, NULL, NULL, 0, 24926230, NULL, NULL, NULL, NULL, NULL, 0, NULL, NULL, NULL, NULL, 'AR'),
(249049999, 'Franck Kessié', 'Kessié', 2, 83, 88, 85, 20, NULL, 4238643, NULL, NULL, 0, 0, NULL, NULL, 0, 13904691, NULL, NULL, NULL, NULL, NULL, 0, NULL, NULL, NULL, NULL, 'CI'),
(249205971, 'João Mário Naval Costa Eduardo', 'João Mário', 2, 93, 90, 91, 24, NULL, 4238643, NULL, NULL, 0, 0, NULL, NULL, 0, 19814203, NULL, NULL, NULL, NULL, NULL, 0, NULL, NULL, NULL, NULL, 'PT'),
(248549920, 'Fernando Francisco Reges', 'Fernando', 2, 81, 86, 83, 29, NULL, 4238643, NULL, NULL, 0, 0, NULL, NULL, 0, 10864978, NULL, NULL, NULL, NULL, NULL, 0, NULL, NULL, NULL, NULL, 'BR'),
(248550070, 'Donald Love', 'Love', 3, 30, 66, 48, 22, NULL, 4238643, NULL, NULL, 0, 0, NULL, NULL, 0, 2228016, NULL, NULL, NULL, NULL, NULL, 0, NULL, NULL, NULL, NULL, 'SCL'),
(248549989, 'Josh Tymon', 'Tymon', 3, 28, 61, 44, 17, NULL, 4238643, NULL, NULL, 0, 0, NULL, NULL, 0, 1888550, NULL, NULL, NULL, NULL, NULL, 0, NULL, NULL, NULL, NULL, 'GB'),
(249149346, 'Luís Miguel Afonso Fernandes', 'Pizzi', 2, 86, 86, 86, 27, NULL, 4238643, NULL, NULL, 1, 0, NULL, NULL, 0, 12758373, NULL, NULL, NULL, NULL, NULL, 0, NULL, NULL, NULL, NULL, 'PT'),
(249127271, 'Daniel Alves da Silva', 'Dani Alves', 3, 45, 86, 65, 34, NULL, 4238643, NULL, NULL, 0, 0, NULL, NULL, 0, 9053553, NULL, NULL, NULL, NULL, NULL, 0, NULL, NULL, NULL, NULL, 'BR'),
(249196079, 'Breel Embolo', 'Embolo', 1, 87, 13, 50, 20, NULL, 4238643, NULL, NULL, 0, 0, NULL, NULL, 0, 16593444, NULL, NULL, NULL, NULL, NULL, 0, NULL, NULL, NULL, NULL, 'CH'),
(249190414, 'Jonathan Tah', 'Tah', 3, 19, 89, 54, 21, NULL, 4238643, NULL, NULL, 0, 0, NULL, NULL, 0, 12728170, NULL, NULL, NULL, NULL, NULL, 0, NULL, NULL, NULL, NULL, 'DE'),
(248549714, 'Stephen Ward', 'Ward S.', 3, 24, 71, 47, 31, NULL, 4238643, NULL, NULL, 0, 0, NULL, NULL, 0, 2572986, NULL, NULL, NULL, NULL, NULL, 0, NULL, NULL, NULL, NULL, 'IE'),
(248550045, 'Marc Muniesa', 'Muniesa', 3, 16, 73, 44, 25, NULL, 4238643, NULL, NULL, 0, 0, NULL, NULL, 0, 3218019, NULL, NULL, NULL, NULL, NULL, 0, NULL, NULL, NULL, NULL, 'ES'),
(248550096, 'Stephen Kingsley', 'Kingsley', 3, 25, 61, 43, 22, NULL, 4238643, NULL, NULL, 0, 0, NULL, NULL, 0, 1685375, NULL, NULL, NULL, NULL, NULL, 0, NULL, NULL, NULL, NULL, 'SCL'),
(248549716, 'Joey Barton', 'Barton', 2, 74, 73, 73, 34, NULL, 4238643, NULL, NULL, 0, 0, NULL, NULL, 0, 3415098, NULL, NULL, NULL, NULL, NULL, 0, NULL, NULL, NULL, NULL, 'GB'),
(248550100, 'Angel Rangel', 'Rangel', 3, 38, 71, 54, 34, NULL, 4238643, NULL, NULL, 0, 0, NULL, NULL, 0, 2715039, NULL, NULL, NULL, NULL, NULL, 0, NULL, NULL, NULL, NULL, 'ES'),
(248550205, 'Blaise Matuidi', 'Matuidi', 2, 94, 94, 94, 30, NULL, 4238643, NULL, NULL, 0, 0, NULL, NULL, 0, 20582242, NULL, NULL, NULL, NULL, NULL, 0, NULL, NULL, NULL, NULL, 'FR'),
(248550077, 'George Honeyman', 'Honeyman', 2, 60, 57, 58, 22, NULL, 4238643, NULL, NULL, 0, 0, NULL, NULL, 0, 996861, NULL, NULL, NULL, NULL, NULL, 1, NULL, NULL, NULL, NULL, 'GB'),
(249173156, 'Daniele Rugani', 'Rugani', 3, 14, 87, 50, 22, NULL, 4238643, NULL, NULL, 0, 0, NULL, NULL, 0, 10986864, NULL, NULL, NULL, NULL, NULL, 1, NULL, NULL, NULL, NULL, 'IT'),
(249171976, 'Johannes Geis', 'Geis', 2, 84, 92, 88, 23, NULL, 4238643, NULL, NULL, 0, 0, NULL, NULL, 0, 15418407, NULL, NULL, NULL, NULL, NULL, 0, NULL, NULL, NULL, NULL, 'DE');

-- --------------------------------------------------------

--
-- Table structure for table `team`
--

CREATE TABLE IF NOT EXISTS `team` (
  `id` int(11) DEFAULT NULL,
  `uniqueId` varchar(10) CHARACTER SET utf8 DEFAULT NULL,
  `logopath` varchar(108) CHARACTER SET utf8 DEFAULT NULL,
  `leagueId` int(11) DEFAULT NULL,
  `leagueTypeId` int(11) DEFAULT NULL,
  `name` varchar(150) CHARACTER SET utf8 DEFAULT NULL,
  `city` varchar(150) CHARACTER SET utf8 DEFAULT NULL,
  `goal` int(11) DEFAULT NULL,
  `stadiumName` varchar(150) CHARACTER SET utf8 DEFAULT NULL,
  `stadiumCapacity` int(11) DEFAULT NULL,
  `ranking` int(11) DEFAULT NULL,
  `stadiumLevel` int(11) DEFAULT NULL,
  `previousRanking` int(11) DEFAULT NULL,
  `budget` int(15) DEFAULT NULL
) ENGINE=InnoDB DEFAULT CHARSET=latin1;

--
-- Dumping data for table `team`
--

INSERT INTO `team` (`id`, `uniqueId`, `logopath`, `leagueId`, `leagueTypeId`, `name`, `city`, `goal`, `stadiumName`, `stadiumCapacity`, `ranking`, `stadiumLevel`, `previousRanking`, `budget`) VALUES
(51386, '4238643_51', 'https://assets.onlinesoccermanager.com/Team/Normal/b82df540383dece841f2d3bef37fb2205fed161c.png?v=0', 4238643, 0, 'FC Twente', 'Enschede', 0, 'De Grolsch Veste', 0, 0, 0, 0, 0),
(52134, '4238643_52', 'https://assets.onlinesoccermanager.com/Team/Normal/ec271954d7cffb290671f72cc6f67bfdaaca36c6.png?v=1448583836', 4238643, 0, 'Boavista', 'Porto', 0, 'Estádio do Bessa', 0, 0, 0, 0, 0),
(52974, '4238643_52', 'https://assets.onlinesoccermanager.com/Team/Normal/c0959d2fd4bd959f4393946e62cf7f141c69ddce.png?v=0', 4238643, 0, 'Genoa', 'Genoa', 0, 'Luigi Ferraris', 0, 0, 0, 0, 0),
(51444, '4238643_51', 'https://assets.onlinesoccermanager.com/Team/Normal/5104230464865a69095a81101b4a9e87fdc76474.png?v=1477672087', 4238643, 0, 'Nice', 'Nice', 0, 'Allianz Riviera', 0, 0, 0, 0, 0),
(53014, '4238643_53', 'https://assets.onlinesoccermanager.com/Team/Normal/1784f138d6e8df4916d811b4c45bad08b395f552.png?v=1479297521', 4238643, 0, 'Medipol Basaksehir', 'Istanbul', 0, 'Basaksehir Fatih Terim Stadium', 0, 0, 0, 0, 0),
(52977, '4238643_52', 'https://assets.onlinesoccermanager.com/Team/Normal/10f4be2cf026e27a7cfac65e93e91491ddfc1f6d.png?v=0', 4238643, 0, 'Lazio', 'Rome', 0, 'Olimpico', 0, 0, 0, 0, 0),
(52637, '4238643_52', '', 4238643, 0, 'Wigan Athletic', 'Wigan', 0, 'DW Stadium', 0, 0, 0, 0, 0),
(52767, '4238643_52', '', 4238643, 0, 'Tianjin Teda', 'Tianjin', 0, 'Tianjin Olympic Center Stadium', 0, 0, 0, 0, 0),
(51872, '4238643_51', '', 4238643, 0, 'Kilmarnock', 'Kilmarnock', 0, 'Rugby Park', 0, 0, 0, 0, 0),
(51041, '4238643_51', 'https://assets.onlinesoccermanager.com/Team/Normal/aaac37286227d1bdf323d896956eb795917af378.png?v=0', 4238643, 0, 'Al-Sadd', 'Doha', 0, 'Jassim Bin Hamad Stadium', 0, 0, 0, 0, 0),
(49325, '4238643_49', '', 4238643, 0, 'Lokomotiv Plovdiv', 'Plovdiv', 0, 'Lokomotiv Stadium', 0, 0, 0, 0, 0),
(52610, '4238643_52', '', 4238643, 0, 'Toronto FC', 'Toronto - ON', 0, 'BMO Field', 0, 0, 0, 0, 0),
(51381, '4238643_51', 'https://assets.onlinesoccermanager.com/Team/Normal/3670390be899859e5d7ba84bb637d17562a2551f.png?v=0', 4238643, 0, 'SC Heerenveen', 'Heerenveen', 0, 'Abe Lenstra Stadion', 0, 0, 0, 0, 0),
(51176, '4238643_51', '', 4238643, 0, 'Chornomorets Odesa', 'Odesa', 0, 'Chornomorets Stadium', 0, 0, 0, 0, 0),
(52759, '4238643_52', '', 4238643, 0, 'Tianjin Quanjian', 'Tianjin', 0, 'Haihe Educational Football Stadium', 0, 0, 0, 0, 0),
(52988, '4238643_52', 'https://assets.onlinesoccermanager.com/Team/Normal/74befe40f0cafd1f8fe4845ea9719568d674e2e5.png?v=1467277682', 4238643, 0, 'Anderlecht', 'Anderlecht', 0, 'Constant Vanden Stock Stadium', 0, 0, 0, 0, 0),
(51877, '4238643_51', '', 4238643, 0, 'Heart of Midlothian', 'Edinburgh', 0, 'Tynecastle Stadium', 0, 0, 0, 0, 0),
(51380, '4238643_51', 'https://assets.onlinesoccermanager.com/Team/Normal/64a92eff8f2660762eacf92ce370ab5490b813e2.png?v=0', 4238643, 0, 'FC Groningen', 'Groningen', 0, 'Euroborg', 0, 0, 0, 0, 0),
(52137, '4238643_52', 'https://assets.onlinesoccermanager.com/Team/Normal/6f91289be617f26bc45c92c4e43d7638a6128022.png?v=1448583811', 4238643, 0, 'Marítimo', 'Funchal', 0, 'Estádio dos Barreiros', 0, 0, 0, 0, 0),
(52979, '4238643_52', 'https://assets.onlinesoccermanager.com/Team/Normal/7aabdbbbe3662bea91edd6e3379a96f6c677d30f.png?v=1455814815', 4238643, 0, 'Napoli', 'Naples', 0, 'San Paolo', 0, 0, 0, 0, 0),
(52858, '4238643_52', '', 4238643, 0, 'TSG 1899 Hoffenheim', 'Sinsheim', 0, 'Wirsol Rhein-Neckar Arena', 0, 0, 0, 0, 0),
(52142, '4238643_52', 'https://assets.onlinesoccermanager.com/Team/Normal/c1d3f940ffc17ad875744d8bf89f206a61c85470.png?v=1448583855', 4238643, 0, 'Porto', 'Porto', 0, 'Estádio do Dragão', 0, 0, 0, 0, 0),
(52980, '4238643_52', 'https://assets.onlinesoccermanager.com/Team/Normal/5129f04e89b2bbf80f5b57109766eb535fc2da9e.png?v=0', 4238643, 0, 'Palermo', 'Palermo', 0, 'Renzo Barbera', 0, 0, 0, 0, 0),
(52639, '4238643_52', '', 4238643, 0, 'Wolverhampton Wanderers', 'Wolverhampton', 0, 'Molineux', 0, 0, 0, 0, 0),
(51054, '4238643_51', '', 4238643, 0, 'Red Bull Salzburg', 'Wals-Siezenheim', 0, 'Red Bull Arena', 0, 0, 0, 0, 0),
(52978, '4238643_52', 'https://assets.onlinesoccermanager.com/Team/Normal/07b54abec6492788b572f1b511730979e8b9cfcd.png?v=0', 4238643, 0, 'AC Milan', 'Milan', 0, 'San Siro', 0, 0, 0, 0, 0),
(52633, '4238643_52', '', 4238643, 0, 'Nottingham Forest', 'Nottingham', 0, 'City Ground', 0, 0, 0, 0, 0),
(52623, '4238643_52', '', 4238643, 0, 'Cardiff City', 'Cardiff', 0, 'Cardiff City Stadium', 0, 0, 0, 0, 0),
(51087, '4238643_51', '', 4238643, 0, 'Zenit St. Petersburg', 'St. Petersburg', 0, 'Petrovsky Stadium', 0, 0, 0, 0, 0),
(52624, '4238643_52', '', 4238643, 0, 'Burton Albion', 'Burton', 0, 'Pirelli Stadium', 0, 0, 0, 0, 0),
(51498, '4238643_51', 'https://assets.onlinesoccermanager.com/Team/Normal/0cb25dc49239046d459cc04f765d4b373eaeb3f2.png?v=1477491783', 4238643, 0, 'Valencia', 'Valencia', 0, 'Mestalla', 0, 0, 0, 0, 0),
(51486, '4238643_51', 'https://assets.onlinesoccermanager.com/Team/Normal/1caf079a20bd9b4f368df7f722ab5162b8d10cff.png?v=1477491723', 4238643, 0, 'Deportivo La Coruña', 'La Coruña', 0, 'Riazor', 0, 0, 0, 0, 0),
(51051, '4238643_51', '', 4238643, 0, 'Austria Vienna', 'Vienna', 0, 'Ernst Happel Stadion', 0, 0, 0, 0, 0),
(51079, '4238643_51', '', 4238643, 0, 'Tom Tomsk', 'Tomsk', 0, 'Trud Stadium', 0, 0, 0, 0, 0),
(51868, '4238643_51', '', 4238643, 0, 'Dundee', 'Dundee', 0, 'Dens Park', 0, 0, 0, 0, 0),
(51728, '4238643_51', 'https://assets.onlinesoccermanager.com/Team/Normal/f07f17cf94e6694c9fc18d6b3c4b1ab4905a8610.png?v=0', 4238643, 0, 'NAC Breda', 'Breda', 0, 'Rat Verlegh Stadion', 0, 0, 0, 0, 0),
(53196, '4238643_53', '', 4238643, 0, 'Young Boys', 'Bern', 0, 'Stade de Suisse', 0, 0, 0, 0, 0),
(51488, '4238643_51', 'https://assets.onlinesoccermanager.com/Team/Normal/6358c76aafb11c7067f98fc08beb41c90ed907a4.png?v=1477491740', 4238643, 0, 'Las Palmas', 'Las Palmas de Gran Canaria', 0, 'Gran Canaria', 0, 0, 0, 0, 0),
(52973, '4238643_52', 'https://assets.onlinesoccermanager.com/Team/Normal/07a0bd8b12b220274ddfaedce249550d7b234b7a.png?v=0', 4238643, 0, 'Fiorentina', 'Florence', 0, 'Artemio Franchi', 0, 0, 0, 0, 0),
(52851, '4238643_52', '', 4238643, 0, 'Borussia Dortmund', 'Dortmund', 0, 'Signal Iduna Park', 0, 0, 0, 0, 0),
(51886, '4238643_51', '', 4238643, 0, 'Vélez Sársfield', 'Buenos Aires', 0, 'José Amalfitani', 0, 0, 0, 0, 0),
(51186, '4238643_51', '', 4238643, 0, 'Shakhtar Donetsk', 'Donetsk', 0, 'Arena Lviv', 0, 0, 0, 0, 0),
(51078, '4238643_51', '', 4238643, 0, 'Lokomotiv Moscow', 'Moscow', 0, 'Lokomotiv Stadium', 0, 0, 0, 0, 0),
(51446, '4238643_51', 'https://assets.onlinesoccermanager.com/Team/Normal/17873a8cbad697d86c6d6b5eb24a06d4ca11505a.png?v=1477672076', 4238643, 0, 'Nancy', 'Tomblaine', 0, 'Stade Marcel Picot', 0, 0, 0, 0, 0),
(51507, '4238643_51', '', 4238643, 0, 'Lechia Gdansk', 'Gdansk', 0, 'Stadion Energa Gdansk', 0, 0, 0, 0, 0),
(51879, '4238643_51', '', 4238643, 0, 'Huracán', 'Buenos Aires', 0, 'Tomás Adolfo Ducó', 0, 0, 0, 0, 0),
(52140, '4238643_52', 'https://assets.onlinesoccermanager.com/Team/Normal/b958d4775364aba2f3f2ec40e020eda060652b77.png?v=1448583853', 4238643, 0, 'Paços de Ferreira', 'Paços de Ferreira', 0, 'Estádio Capital do Móvel', 0, 0, 0, 0, 0),
(51869, '4238643_51', '', 4238643, 0, 'Rangers', 'Glasgow', 0, 'Ibrox Stadium', 0, 0, 0, 0, 0),
(51880, '4238643_51', '', 4238643, 0, 'Rosario Central', 'Rosario', 0, 'Dr. Lisandro de la Torre', 0, 0, 0, 0, 0),
(52130, '4238643_52', 'https://assets.onlinesoccermanager.com/Team/Normal/235b6830320ba19745e28254cc02add5b149c9ea.png?v=1465897875', 4238643, 0, 'Chaves', 'Chaves', 0, 'Estádio Municipal Eng. Manuel Branco Teixeira', 0, 0, 0, 0, 0),
(49122, '4238643_49', '', 4238643, 0, 'Beitar Jerusalem', 'Jerusalem', 0, 'Teddy Stadium', 0, 0, 0, 0, 0),
(51884, '4238643_51', '', 4238643, 0, 'Estudiantes', 'La Plata', 0, 'Ciudad de La Plata', 0, 0, 0, 0, 0),
(7, '4238643_7', 'https://assets.onlinesoccermanager.com/Team/Normal/942c41238174eb0515dbddc26e32fd33460e290d.png?v=1477492279', 4238643, 0, 'Watford', 'Watford', 11, 'Vicarage Road', 21977, 12, 0, 9, 1000000),
(52634, '4238643_52', '', 4238643, 0, 'Reading', 'Reading', 0, 'Madejski Stadium', 0, 0, 0, 0, 0),
(51388, '4238643_51', 'https://assets.onlinesoccermanager.com/Team/Normal/c93705126967e0361ff9493b6a6974a1f0581f4c.png?v=1471363798', 4238643, 0, 'Vitesse', 'Arnhem', 0, 'GelreDome', 0, 0, 0, 0, 0),
(51182, '4238643_51', '', 4238643, 0, 'Zirka Kropyvnytskyi', 'Kirovohrad', 0, 'Zirka Stadium', 0, 0, 0, 0, 0),
(51499, '4238643_51', 'https://assets.onlinesoccermanager.com/Team/Normal/5d3bfefc06bf059355933048f2f9072ab0586dc9.png?v=1477491786', 4238643, 0, 'Villarreal', 'Villarreal', 0, 'El Madrigal', 0, 0, 0, 0, 0),
(52850, '4238643_52', '', 4238643, 0, 'FC Bayern München', 'Munich', 0, 'Allianz Arena', 0, 0, 0, 0, 0),
(51875, '4238643_51', '', 4238643, 0, 'Ross County', 'Dingwall', 0, 'Victoria Park', 0, 0, 0, 0, 0),
(52619, '4238643_52', '', 4238643, 0, 'Aston Villa', 'Birmingham', 0, 'Villa Park', 0, 0, 0, 0, 0),
(52146, '4238643_52', 'https://assets.onlinesoccermanager.com/Team/Normal/9611bd6a1fc43bca0359352bf27371aa81686491.png?v=1448583874', 4238643, 0, 'Vitória de Guimarães', 'Guimarães', 0, 'Estádio D. Afonso Henriques', 0, 0, 0, 0, 0),
(51178, '4238643_51', '', 4238643, 0, 'Dynamo Kiev', 'Kiev', 0, 'NSC Olimpiyskiy', 0, 0, 0, 0, 0),
(52600, '4238643_52', '', 4238643, 0, 'Los Angeles Galaxy', 'Carson - CA', 0, 'StubHub Center', 0, 0, 0, 0, 0),
(52145, '4238643_52', 'https://assets.onlinesoccermanager.com/Team/Normal/6e5211ef76709ec6e1b37e93bf7c48b771161da7.png?v=1448583866', 4238643, 0, 'Sporting de Braga', 'Braga', 0, 'Estádio Municipal de Braga', 0, 0, 0, 0, 0),
(52591, '4238643_52', '', 4238643, 0, 'FC Seoul', 'Seoul', 0, 'Seoul World Cup Stadium', 0, 0, 0, 0, 0),
(51495, '4238643_51', 'https://assets.onlinesoccermanager.com/Team/Normal/1995d7557bc905880aa06953a870621a9bf673f0.png?v=1477491767', 4238643, 0, 'Real Madrid', 'Madrid', 0, 'Santiago Bernabéu', 0, 0, 0, 0, 0),
(51866, '4238643_51', '', 4238643, 0, 'Aberdeen', 'Aberdeen', 0, 'Pittodrie Stadium', 0, 0, 0, 0, 0),
(52131, '4238643_52', 'https://assets.onlinesoccermanager.com/Team/Normal/30979c85cf372b2332cca42ef627683c1ae2957d.png?v=1448583824', 4238643, 0, 'Arouca', 'Arouca', 0, 'Estádio Municipal de Arouca', 0, 0, 0, 0, 0),
(51485, '4238643_51', 'https://assets.onlinesoccermanager.com/Team/Normal/affd8a44b96c889e77327493df241212f141bd7c.png?v=1477491779', 4238643, 0, 'Sporting de Gijón', 'Gijón', 0, 'El Molinón', 0, 0, 0, 0, 0),
(51433, '4238643_51', 'https://assets.onlinesoccermanager.com/Team/Normal/90820b7a24a9c16c6e3188c7a47b6055c6b6d14c.png?v=1477672010', 4238643, 0, 'Dijon', 'Dijon', 0, 'Stade Gaston Gérard', 0, 0, 0, 0, 0),
(52143, '4238643_52', 'https://assets.onlinesoccermanager.com/Team/Normal/d4ca4e92f7de4a860e59b1dd1eb53081bba47491.png?v=1448583860', 4238643, 0, 'Rio Ave', 'Vila do Conde', 0, 'Estádio dos Arcos', 0, 0, 0, 0, 0),
(51376, '4238643_51', 'https://assets.onlinesoccermanager.com/Team/Normal/f6b45fb13e5bd2a4a3ecadb3d60f9f098e9beaf6.png?v=0', 4238643, 0, 'Sparta Rotterdam', 'Rotterdam', 0, 'Het Kasteel', 0, 0, 0, 0, 0),
(51382, '4238643_51', 'https://assets.onlinesoccermanager.com/Team/Normal/6321e838f3947237b797cf09b15aab5bbe283634.png?v=1462790548', 4238643, 0, 'Heracles Almelo', 'Almelo', 0, 'Polman Stadion', 0, 0, 0, 0, 0),
(51923, '4238643_51', '', 4238643, 0, 'Samsunspor', 'Samsun', 0, 'Samsun 19 Mayis Stadium', 0, 0, 0, 0, 0),
(18, '4238643_18', 'https://assets.onlinesoccermanager.com/Team/Normal/8f43d8dc4538069b8716e47ef1caf993ebc74c6f.png?v=1477492276', 4238643, 0, 'Tottenham Hotspur', 'London', 4, 'White Hart Lane', 36274, 3, 0, 5, 1375000),
(52626, '4238643_52', '', 4238643, 0, 'Fulham', 'London', 0, 'Craven Cottage', 0, 0, 0, 0, 0),
(51177, '4238643_51', '', 4238643, 0, 'FC Dnipro', 'Dnipropetrovsk', 0, 'Dnipro-Arena', 0, 0, 0, 0, 0),
(51484, '4238643_51', 'https://assets.onlinesoccermanager.com/Team/Normal/f5dfe1ad4649c33a886bf4904007b84ca6bb2a7b.png?v=1477491714', 4238643, 0, 'Celta de Vigo', 'Vigo', 0, 'Balaídos', 0, 0, 0, 0, 0),
(51215, '4238643_51', '', 4238643, 0, 'Red Star Belgrade', 'Belgrade', 0, 'Rajko Mitic Stadium', 0, 0, 0, 0, 0),
(9, '4238643_9', 'https://assets.onlinesoccermanager.com/Team/Normal/ca4de2757f260f656db762f1faf94f473d493de7.png?v=1477492237', 4238643, 0, 'Liverpool', 'Liverpool', 4, 'Anfield', 54074, 1, 0, 1, 1375000),
(52598, '4238643_52', '', 4238643, 0, 'FC Dallas', 'Frisco - TX', 0, 'Toyota Stadium', 0, 0, 0, 0, 0),
(51378, '4238643_51', 'https://assets.onlinesoccermanager.com/Team/Normal/fa66d2329ab434dea98d4700701bbea6b2d669c6.png?v=0', 4238643, 0, 'Feyenoord', 'Rotterdam', 0, 'De Kuip', 0, 0, 0, 0, 0),
(51506, '4238643_51', '', 4238643, 0, 'Lech Poznan', 'Poznan', 0, 'INEA Stadion', 0, 0, 0, 0, 0),
(52135, '4238643_52', 'https://assets.onlinesoccermanager.com/Team/Normal/c7709967a4f9fbbe0fa07404fa3be8f9a3aee97b.png?v=1448583839', 4238643, 0, 'Estoril-Praia', 'Estoril', 0, 'Estádio António Coimbra da Mota', 0, 0, 0, 0, 0),
(52638, '4238643_52', '', 4238643, 0, 'Queens Park Rangers', 'London', 0, 'Loftus Road', 0, 0, 0, 0, 0),
(51876, '4238643_51', '', 4238643, 0, 'St Johnstone', 'Perth', 0, 'McDiarmid Park', 0, 0, 0, 0, 0),
(51497, '4238643_51', 'https://assets.onlinesoccermanager.com/Team/Normal/a04ea3adb77d0a8914afecfb09b2849f8181e04d.png?v=1477491774', 4238643, 0, 'Sevilla', 'Seville', 0, 'Ramón Sánchez Pizjuán', 0, 0, 0, 0, 0),
(51867, '4238643_51', '', 4238643, 0, 'Celtic', 'Glasgow', 0, 'Celtic Park', 0, 0, 0, 0, 0),
(52144, '4238643_52', 'https://assets.onlinesoccermanager.com/Team/Normal/c12fac49d77e838eb1c81a2fa1621f8177152c8f.png?v=1448583864', 4238643, 0, 'Sporting CP', 'Lisbon', 0, 'Estádio José Alvalade', 0, 0, 0, 0, 0),
(51491, '4238643_51', 'https://assets.onlinesoccermanager.com/Team/Normal/21dd83489c01fcf733384d30ec9a3a51f20526c6.png?v=1477491735', 4238643, 0, 'Granada', 'Granada', 0, 'Nuevo Los Cármenes', 0, 0, 0, 0, 0),
(52631, '4238643_52', '', 4238643, 0, 'Norwich City', 'Norwich', 0, 'Carrow Road', 0, 0, 0, 0, 0),
(52616, '4238643_52', '', 4238643, 0, 'Birmingham City', 'Birmingham', 0, 'St Andrew''s', 0, 0, 0, 0, 0),
(51082, '4238643_51', '', 4238643, 0, 'Spartak Moscow', 'Moscow', 0, 'Otkrytie Arena', 0, 0, 0, 0, 0),
(51482, '4238643_51', 'https://assets.onlinesoccermanager.com/Team/Normal/5647532e215d7e3dd8f9c7a681c77849e1a28706.png?v=1477491706', 4238643, 0, 'Atlético Madrid', 'Madrid', 0, 'Vicente Calderón', 0, 0, 0, 0, 0),
(52147, '4238643_52', 'https://assets.onlinesoccermanager.com/Team/Normal/1faaaa1ad4a3f92130a6f0ca930d2f0e600bb66c.png?v=1448583875', 4238643, 0, 'Vitória de Setúbal', 'Setúbal', 0, 'Estádio do Bonfim', 0, 0, 0, 0, 0),
(51020, '4238643_51', '', 4238643, 0, 'AEK Athens', 'Athens', 0, 'Olympic Stadium', 0, 0, 0, 0, 0),
(52865, '4238643_52', '', 4238643, 0, 'VfL Wolfsburg', 'Wolfsburg', 0, 'Volkswagen Arena', 0, 0, 0, 0, 0),
(51440, '4238643_51', 'https://assets.onlinesoccermanager.com/Team/Normal/05726f5a946581a5e2004afe955537c7637ff368.png?v=1477672052', 4238643, 0, 'Metz', 'Metz', 0, 'Stade Saint-Symphorien', 0, 0, 0, 0, 0),
(51441, '4238643_51', 'https://assets.onlinesoccermanager.com/Team/Normal/c83993ecbcff738cab1895535ce3d82f64ea0957.png?v=1477672157', 4238643, 0, 'Monaco', 'Fontvieille', 0, 'Stade Louis II', 0, 0, 0, 0, 0),
(51447, '4238643_51', 'https://assets.onlinesoccermanager.com/Team/Normal/78f7e0e2762548771d3f66d752b3c8b2c19ca867.png?v=1477672096', 4238643, 0, 'Rennes', 'Rennes', 0, 'Roazhon Park', 0, 0, 0, 0, 0),
(51448, '4238643_51', 'https://assets.onlinesoccermanager.com/Team/Normal/2b1ea5b350e261be60f1674d8ffafaae6c71758f.png?v=1477672111', 4238643, 0, 'Saint-Étienne', 'Saint-Étienne', 0, 'Stade Geoffroy-Guichard', 0, 0, 0, 0, 0),
(51431, '4238643_51', 'https://assets.onlinesoccermanager.com/Team/Normal/31089a08dfe6bbb3648d4b55f8c57600c3b94547.png?v=1477671999', 4238643, 0, 'Bordeaux', 'Bordeaux', 0, 'Matmut Atlantique', 0, 0, 0, 0, 0),
(51887, '4238643_51', '', 4238643, 0, 'Independiente', 'Avellaneda', 0, 'Libertadores de América', 0, 0, 0, 0, 0),
(51387, '4238643_51', 'https://assets.onlinesoccermanager.com/Team/Normal/162810e17d870f4b72b66d852d2f737844fb9bdd.png?v=0', 4238643, 0, 'FC Utrecht', 'Utrecht', 0, 'Stadion Galgenwaard', 0, 0, 0, 0, 0),
(49999, '4238643_49', '', 4238643, 0, 'Vasco da Gama', 'Rio de Janeiro', 0, 'São Januário', 0, 0, 0, 0, 0),
(51029, '4238643_51', '', 4238643, 0, 'Panathinaikos', 'Athens', 0, 'Apostolos Nikolaidis Stadium', 0, 0, 0, 0, 0),
(51074, '4238643_51', '', 4238643, 0, 'CSKA Moscow', 'Moscow', 0, 'Arena Khimki', 0, 0, 0, 0, 0),
(51480, '4238643_51', 'https://assets.onlinesoccermanager.com/Team/Normal/6d735947793cf00a92e1db98a572d98dc8dccc02.png?v=1477491762', 4238643, 0, 'Real Betis', 'Seville', 0, 'Benito Villamarín', 0, 0, 0, 0, 0),
(50689, '4238643_50', 'https://assets.onlinesoccermanager.com/Team/Normal/192b22c6bec5cbaba73f6f5b2d61d173e434df1b.png?v=0', 4238643, 0, 'Al Ahli', 'Dubai', 0, 'Al-Rashid Stadium', 0, 0, 0, 0, 0),
(51379, '4238643_51', 'https://assets.onlinesoccermanager.com/Team/Normal/44cb84a99397d58afb58d22e18e916925db622d3.png?v=0', 4238643, 0, 'NEC Nijmegen', 'Nijmegen', 0, 'Stadion de Goffert', 0, 0, 0, 0, 0),
(52636, '4238643_52', '', 4238643, 0, 'Sheffield Wednesday', 'Sheffield', 0, 'Hillsborough', 0, 0, 0, 0, 0),
(51430, '4238643_51', 'https://assets.onlinesoccermanager.com/Team/Normal/68574605a30169de9d0b361504de3a1bb42d208b.png?v=1477671992', 4238643, 0, 'Bastia', 'Bastia', 0, 'Stade Armand Cesari', 0, 0, 0, 0, 0),
(3, '4238643_3', 'https://assets.onlinesoccermanager.com/Team/Normal/626a83b15ba43a39ac9b56223d5746a77343f8ff.png?v=1477492208', 4238643, 0, 'Bournemouth', 'Bournemouth', 13, 'Vitality Stadium', 11464, 17, 0, 18, 875000),
(52138, '4238643_52', 'https://assets.onlinesoccermanager.com/Team/Normal/9c156039c097cd6bb4a2e07e5cd21f70131e0ec4.png?v=1448583847', 4238643, 0, 'Moreirense', 'Moreira de Cónegos', 0, 'Parque de Joaquim de Almeida Freitas', 0, 0, 0, 0, 0),
(51442, '4238643_51', 'https://assets.onlinesoccermanager.com/Team/Normal/636199acf4bf347037b6da1867b711eb7a5f73bf.png?v=1477672072', 4238643, 0, 'Montpellier', 'Montpellier', 0, 'Stade de la Mosson', 0, 0, 0, 0, 0),
(51483, '4238643_51', 'https://assets.onlinesoccermanager.com/Team/Normal/0ff8ced5a3c68a47b712bc34c1adbde6e327f4f4.png?v=1477491711', 4238643, 0, 'Barcelona', 'Barcelona', 0, 'Camp Nou', 0, 0, 0, 0, 0),
(52893, '4238643_52', '', 4238643, 0, 'Botafogo', 'Rio de Janeiro', 0, 'Nilton Santos', 0, 0, 0, 0, 0),
(51438, '4238643_51', 'https://assets.onlinesoccermanager.com/Team/Normal/1c2849fd01d5fb694c1482691df05a7d4edfb278.png?v=1477672040', 4238643, 0, 'Lyon', 'Lyon', 0, 'Parc OL', 0, 0, 0, 0, 0),
(52625, '4238643_52', '', 4238643, 0, 'Derby County', 'Derby', 0, 'iPro Stadium', 0, 0, 0, 0, 0),
(51490, '4238643_51', 'https://assets.onlinesoccermanager.com/Team/Normal/888d761d87c9627bccf7effb88af67903890788b.png?v=1477490662', 4238643, 0, 'Alavés', 'Vitoria-Gasteiz', 0, 'Mendizorroza', 0, 0, 0, 0, 0),
(51439, '4238643_51', 'https://assets.onlinesoccermanager.com/Team/Normal/38d7de5bc37be22a730361a7320d38f713ae4127.png?v=1477672044', 4238643, 0, 'Marseille', 'Marseille', 0, 'Stade Velodrome', 0, 0, 0, 0, 0),
(51870, '4238643_51', '', 4238643, 0, 'Hamilton Academical', 'Hamilton', 0, 'New Douglas Park', 0, 0, 0, 0, 0),
(51489, '4238643_51', 'https://assets.onlinesoccermanager.com/Team/Normal/404f70c22360e2a136537b7b4171507e4af39a85.png?v=1477491730', 4238643, 0, 'Espanyol', 'Cornellà de Llobregat', 0, 'RCDE Stadium', 0, 0, 0, 0, 0),
(14, '4238643_14', 'https://assets.onlinesoccermanager.com/Team/Normal/8ac799c67f7b72d80defb84b32049d6f77b1e70c.png?v=1477492254', 4238643, 0, 'Southampton', 'Southampton', 7, 'St Mary''s Stadium', 32689, 7, 0, 11, 1250000),
(51083, '4238643_51', '', 4238643, 0, 'Terek Grozny', 'Grozny', 0, 'Akhmat-Arena', 0, 0, 0, 0, 0),
(51882, '4238643_51', '', 4238643, 0, 'Boca Juniors', 'Buenos Aires', 0, 'Alberto J Armando', 0, 0, 0, 0, 0),
(51496, '4238643_51', 'https://assets.onlinesoccermanager.com/Team/Normal/4f85b831d9c982dd0b8b30b3432331dd666616f7.png?v=1477491770', 4238643, 0, 'Real Sociedad', 'San Sebastián', 0, 'Anoeta', 0, 0, 0, 0, 0),
(52628, '4238643_52', '', 4238643, 0, 'Ipswich Town', 'Ipswich', 0, 'Portman Road', 0, 0, 0, 0, 0),
(5, '4238643_5', 'https://assets.onlinesoccermanager.com/Team/Normal/97190d8e79e34b9cd9b45d4a218daf1ac4ecc2a8.png?v=1477492220', 4238643, 0, 'Crystal Palace', 'London', 9, 'Selhurst Park', 26309, 15, 0, 14, 1125000),
(51076, '4238643_51', '', 4238643, 0, 'FK Krasnodar', 'Krasnodar', 0, 'Kuban Stadium', 0, 0, 0, 0, 0),
(51081, '4238643_51', '', 4238643, 0, 'Rubin Kazan', 'Kazan', 0, 'Kazan Arena', 0, 0, 0, 0, 0),
(11, '4238643_11', 'https://assets.onlinesoccermanager.com/Team/Normal/fafdc585a699afe16169a8bd88f6fe3e1652ff13.png?v=1477492246', 4238643, 0, 'Manchester United', 'Manchester', 4, 'Old Trafford', 76100, 13, 0, 10, 1350000),
(8, '4238643_8', 'https://assets.onlinesoccermanager.com/Team/Normal/220c20ba90ea8edec098f5043c7c9e1b784d3624.png?v=1477492234', 4238643, 0, 'Leicester City', 'Leicester', 7, 'King Power Stadium', 32500, 8, 0, 4, 1250000),
(51481, '4238643_51', 'https://assets.onlinesoccermanager.com/Team/Normal/72321d8b459baf46788a44b41532763067e50d4d.png?v=1477491702', 4238643, 0, 'Athletic Bilbao', 'Bilbao', 0, 'San Mamés', 0, 0, 0, 0, 0),
(6, '4238643_6', 'https://assets.onlinesoccermanager.com/Team/Normal/32dc13bb3c64d79120f0b78a60a4cad58f0ef18b.png?v=1477492224', 4238643, 0, 'Everton', 'Liverpool', 7, 'Goodison Park', 40569, 5, 0, 7, 1250000),
(52968, '4238643_52', 'https://assets.onlinesoccermanager.com/Team/Normal/c0f0112767c3dc5da0c2138f4a36adb03c9f64ba.png?v=0', 4238643, 0, 'Atalanta', 'Bergamo', 0, 'Atleti Azzurri d''Italia', 0, 0, 0, 0, 0),
(19, '4238643_19', 'https://assets.onlinesoccermanager.com/Team/Normal/94267c553b75323c4663cbd24ef054217dac67e6.png?v=1477492285', 4238643, 0, 'West Bromwich Albion', 'West Bromwich', 13, 'The Hawthorns', 26850, 16, 0, 13, 875000),
(52975, '4238643_52', 'https://assets.onlinesoccermanager.com/Team/Normal/6b629b5510af5d94f642c104e1e920a29b299186.png?v=0', 4238643, 0, 'Inter Milan', 'Milan', 0, 'San Siro', 0, 0, 0, 0, 0),
(12, '4238643_12', 'https://assets.onlinesoccermanager.com/Team/Normal/b41b9f1f83434d3e5aa049d748ef65c7978af48c.png?v=1477492250', 4238643, 0, 'Middlesbrough', 'Middlesbrough', 13, 'Riverside Stadium', 35100, 20, 0, 20, 875000),
(10, '4238643_10', 'https://assets.onlinesoccermanager.com/Team/Normal/425caff1f88e908b0797d1fdef9bb2c20e0e7c34.png?v=1477492241', 4238643, 0, 'Manchester City', 'Manchester', 1, 'Etihad Stadium', 55097, 2, 0, 8, 1500000),
(51373, '4238643_51', 'https://assets.onlinesoccermanager.com/Team/Normal/5a856e78a78636ce3fe485db06ec11791081f356.png?v=0', 4238643, 0, 'Ajax', 'Amsterdam', 0, 'Amsterdam ArenA', 0, 0, 0, 0, 0),
(52139, '4238643_52', 'https://assets.onlinesoccermanager.com/Team/Normal/92898deb39db4fccd82fa4d53985e1e0894954ef.png?v=1448583848', 4238643, 0, 'Nacional', 'Funchal', 0, 'Estádio da Madeira', 0, 0, 0, 0, 0),
(52133, '4238643_52', 'https://assets.onlinesoccermanager.com/Team/Normal/b907a49c7b0f40286806c3838cb968af235a77fb.png?v=1462265402', 4238643, 0, 'Benfica', 'Lisbon', 0, 'Estádio da Luz', 0, 0, 0, 0, 0),
(4, '4238643_4', 'https://assets.onlinesoccermanager.com/Team/Normal/fe9e9be6befeb27533738e9f86d307e10aa355da.png?v=1477492215', 4238643, 0, 'Chelsea', 'London', 1, 'Stamford Bridge', 41623, 6, 0, 2, 1500000),
(52849, '4238643_52', '', 4238643, 0, 'Bayer 04 Leverkusen', 'Leverkusen', 0, 'BayArena', 0, 0, 0, 0, 0),
(1, '4238643_1', 'https://assets.onlinesoccermanager.com/Team/Normal/907d0a85dea5da56b7640ceebcb2141c2fb82386.png?v=1477492205', 4238643, 0, 'Arsenal', 'London', 1, 'Emirates Stadium', 60432, 9, 0, 3, 1500000),
(51184, '4238643_51', '', 4238643, 0, 'Zorya Luhansk', 'Luhansk', 0, 'Slavutych-Arena', 0, 0, 0, 0, 0),
(51435, '4238643_51', 'https://assets.onlinesoccermanager.com/Team/Normal/bf1372c46db412e1913d31ed5dcb37fc95e45751.png?v=1477671984', 4238643, 0, 'Angers', 'Angers', 0, 'Stade Jean Bouin', 0, 0, 0, 0, 0),
(52620, '4238643_52', '', 4238643, 0, 'Barnsley', 'Barnsley', 0, 'Oakwell', 0, 0, 0, 0, 0),
(2, '4238643_2', 'https://assets.onlinesoccermanager.com/Team/Normal/37561fce216b906cd09c25ca5c8d278f5cc8c565.png?v=1477492212', 4238643, 0, 'Burnley', 'Burnley', 16, 'Turf Moor', 22546, 4, 0, 6, 750000),
(51437, '4238643_51', 'https://assets.onlinesoccermanager.com/Team/Normal/72208ef7154f0a9caf0583b75da4c64f3333c89f.png?v=1477672033', 4238643, 0, 'Lorient', 'Lorient', 0, 'Stade du Moustoir', 0, 0, 0, 0, 0),
(17, '4238643_17', 'https://assets.onlinesoccermanager.com/Team/Normal/3a7da17261a3d30eea66822c964cf7af5e92ba6f.png?v=1477492266', 4238643, 0, 'Swansea City', 'Swansea', 11, 'Liberty Stadium', 20972, 14, 0, 12, 1000000),
(51080, '4238643_51', '', 4238643, 0, 'FK Rostov', 'Rostov-on-Don', 0, 'Olimp-2', 0, 0, 0, 0, 0),
(51445, '4238643_51', 'https://assets.onlinesoccermanager.com/Team/Normal/5554fc00d069294e20725f5ccb4236141b64e10e.png?v=1477672091', 4238643, 0, 'Paris Saint-Germain', 'Paris', 0, 'Parc des Princes', 0, 0, 0, 0, 0),
(15, '4238643_15', 'https://assets.onlinesoccermanager.com/Team/Normal/60e98a0d3536b9d9f0ee75190a953daabefccc67.png?v=1490806277', 4238643, 0, 'Stoke City', 'Stoke on Trent', 9, 'Bet365 Stadium', 28383, 19, 0, 16, 1125000),
(16, '4238643_16', 'https://assets.onlinesoccermanager.com/Team/Normal/cd1a473501a5e56334429f44fdd5e8ee190a74ee.png?v=1477492263', 4238643, 0, 'Sunderland', 'Sunderland', 11, 'Stadium of Light', 49000, 18, 0, 15, 1000000),
(51874, '4238643_51', '', 4238643, 0, 'Partick Thistle', 'Glasgow', 0, 'Firhill Stadium', 0, 0, 0, 0, 0),
(52976, '4238643_52', 'https://assets.onlinesoccermanager.com/Team/Normal/1300dcf7c01ac334d3c4766e188ee6c462b7a7e4.png?v=1465304351', 4238643, 0, 'Juventus', 'Turin', 0, 'Juventus Stadium', 0, 0, 0, 0, 0),
(20, '4238643_20', 'https://assets.onlinesoccermanager.com/Team/Normal/af4044eb5b61004ee5f0c92b62b4e4a256daf4b2.png?v=1477492288', 4238643, 0, 'West Ham United', 'London', 9, 'Olympic Stadium', 60010, 10, 0, 17, 1125000),
(52862, '4238643_52', '', 4238643, 0, 'FC Schalke 04', 'Gelsenkirchen', 0, 'Veltins-Arena', 0, 0, 0, 0, 0),
(13, '4238643_13', 'https://assets.onlinesoccermanager.com/Team/Normal/a8202d1f77204f35d030685e449ac93362c26552.png?v=1477492229', 4238643, 0, 'Hull City', 'Kingston upon Hull', 11, 'KCOM Stadium', 25404, 11, 0, 19, 1000000);

-- --------------------------------------------------------

--
-- Table structure for table `transfer`
--

CREATE TABLE IF NOT EXISTS `transfer` (
  `id` int(11) DEFAULT NULL,
  `leagueId` int(11) DEFAULT NULL,
  `value` int(15) DEFAULT NULL,
  `price` int(15) DEFAULT NULL,
  `weekNr` int(11) DEFAULT NULL,
  `startDay` int(11) DEFAULT NULL,
  `timestamp` int(100) DEFAULT NULL,
  `player` int(11) DEFAULT NULL,
  `destinationTeam` int(11) DEFAULT NULL,
  `sourceTeam` int(11) DEFAULT NULL
) ENGINE=InnoDB DEFAULT CHARSET=latin1;

--
-- Dumping data for table `transfer`
--

INSERT INTO `transfer` (`id`, `leagueId`, `value`, `price`, `weekNr`, `startDay`, `timestamp`, `player`, `destinationTeam`, `sourceTeam`) VALUES
(62981383, 4238643, 2379203, 2974003, 2, 0, 1494205407, 248550000, 51388, 13),
(62981381, 4238643, 2229514, 3472171, 2, 0, 1494205407, 248550142, 51386, 19),
(62981378, 4238643, 4375370, 10938425, 2, 0, 1494205407, 248549722, 51887, 2),
(62981376, 4238643, 1538693, 2108009, 2, 0, 1494205407, 248550040, 52134, 15),
(62981373, 4238643, 2227461, 2227461, 2, 0, 1494205407, 248550069, 51886, 16),
(62979627, 4238643, 11446512, 16254030, 2, 0, 1494196859, 249084383, 10, 52978),
(62979104, 4238643, 7575057, 11211000, 2, 0, 1494192682, 249118841, 13, 52974),
(62974875, 4238643, 9789115, 15196222, 1, 0, 1494179150, 249058883, 17, 51444),
(62974860, 4238643, 7158269, 12933297, 1, 0, 1494179097, 248550122, 17, 18),
(62974707, 4238643, 16173775, 25106058, 1, 0, 1494178595, 248914439, 18, 51495),
(62974014, 4238643, 6329844, 9735579, 1, 0, 1494175898, 249080272, 16, 53014),
(62973949, 4238643, 16072581, 20472509, 1, 0, 1494175690, 248550201, 7, 51482),
(62973792, 4238643, 8650100, 6487575, 1, 0, 1494175267, 248549869, 2, 8),
(62972312, 4238643, 13561939, 20375666, 1, 0, 1494173242, 248550133, 20, 18),
(62971765, 4238643, 10712373, 17745462, 1, 0, 1494173154, 249018864, 18, 52977),
(62971052, 4238643, 2185110, 3081005, 1, 0, 1494173046, 248550085, 51378, 16),
(62971050, 4238643, 8918285, 13587459, 1, 0, 1494173045, 248549947, 51082, 11),
(62971047, 4238643, 7362791, 18406976, 1, 0, 1494173045, 248550181, 51081, 20),
(62971046, 4238643, 3415098, 3995665, 1, 0, 1494173045, 248549995, 51440, 13),
(62971044, 4238643, 4479231, 6808431, 1, 0, 1494173045, 248550089, 52637, 16),
(62971043, 4238643, 2861523, 7153808, 1, 0, 1494173045, 248549711, 52146, 2),
(62971041, 4238643, 2510186, 3537906, 1, 0, 1494173045, 248549762, 52137, 4),
(62971039, 4238643, 6048324, 10595523, 1, 0, 1494173045, 248549854, 51074, 7),
(62970037, 4238643, 22708984, 29430945, 1, 0, 1494172645, 248550199, 14, 51445),
(62969637, 4238643, 5605152, 5605152, 1, 0, 1494171267, 248549757, 2, 4),
(62969555, 4238643, 4881174, 6051675, 1, 0, 1494170816, 248578636, 16, 52767),
(62969420, 4238643, 14591522, 21887250, 1, 0, 1494170133, 249075771, 12, 52144),
(62966446, 4238643, 2260272, 5096528, 1, 0, 1494165835, 248549957, 51506, 12),
(62966443, 4238643, 1308720, 1662074, 1, 0, 1494165835, 248549984, 52591, 13),
(62966440, 4238643, 911400, 2278500, 1, 0, 1494165835, 248549710, 51866, 2),
(62966438, 4238643, 3013028, 7532567, 1, 0, 1494165835, 248549970, 52146, 12),
(62966435, 4238643, 2840826, 7102065, 1, 0, 1494165835, 248549739, 51490, 3),
(62966432, 4238643, 10823786, 20013544, 1, 0, 1494165835, 248549774, 52144, 4),
(62966431, 4238643, 1225728, 1446359, 1, 0, 1494165834, 248550004, 51872, 13),
(62965551, 4238643, 10579974, 13707850, 1, 0, 1494165613, 248562640, 2, 51041),
(62961863, 4238643, 1628709, 4071770, 1, 0, 1494158654, 248550162, 52620, 20),
(62961859, 4238643, 14135813, 19083348, 1, 0, 1494158654, 248549699, 51496, 1),
(62961856, 4238643, 7697827, 11597872, 1, 0, 1494158654, 248550139, 51081, 18),
(62961853, 4238643, 676721, 1691541, 1, 0, 1494158654, 248549706, 49325, 2),
(62961851, 4238643, 2842211, 4488658, 1, 0, 1494158654, 248549721, 52143, 2),
(62961849, 4238643, 8964921, 14997691, 1, 0, 1494158653, 248550022, 51186, 14),
(62961848, 4238643, 6492337, 9928253, 1, 0, 1494158653, 248550028, 51083, 14),
(62961847, 4238643, 655581, 1638950, 1, 0, 1494158653, 248550093, 52610, 17),
(62961844, 4238643, 1336768, 3121962, 1, 0, 1494158653, 248550106, 51379, 17),
(62961841, 4238643, 1722839, 4307097, 1, 0, 1494158653, 248549707, 51381, 2),
(62960417, 4238643, 30723928, 39306454, 1, 0, 1494156376, 248550203, 11, 51483),
(62956842, 4238643, 2746352, 6865877, 1, 0, 1494151444, 248549961, 51176, 12),
(62956839, 4238643, 15329196, 20438928, 1, 0, 1494151444, 248549948, 51441, 11),
(62956838, 4238643, 5172825, 12932060, 1, 0, 1494151444, 248550111, 51480, 17),
(62955126, 4238643, 12594613, 19998543, 1, 0, 1494149379, 248969760, 17, 52759),
(62954685, 4238643, 12239695, 16627325, 1, 0, 1494148164, 248550211, 20, 51498),
(62954676, 4238643, 14606382, 20887009, 1, 0, 1494148145, 249046411, 20, 52849),
(62953305, 4238643, 14780456, 18623304, 1, 0, 1494145015, 249044718, 12, 52988),
(62951079, 4238643, 8334622, 20836552, 1, 0, 1494144242, 248550182, 51081, 20),
(62951075, 4238643, 703279, 1193364, 1, 0, 1494144242, 248549908, 51376, 10),
(62948937, 4238643, 14493690, 18551808, 1, 0, 1494140958, 249037475, 3, 51499),
(62945955, 4238643, 2213631, 5534075, 1, 0, 1494136971, 248549960, 52616, 12),
(62942289, 4238643, 2162997, 4237174, 1, 0, 1494129778, 248549907, 51388, 10),
(62942286, 4238643, 6770478, 16926192, 1, 0, 1494129778, 248549977, 51082, 12),
(62942284, 4238643, 4611684, 5408146, 1, 0, 1494129778, 248549787, 52631, 5),
(62942281, 4238643, 5309115, 13272787, 1, 0, 1494129778, 248549751, 51082, 3),
(62942280, 4238643, 3100299, 3100298, 1, 0, 1494129778, 248550052, 51877, 15),
(62942279, 4238643, 16217696, 31786684, 1, 0, 1494129778, 248549905, 51499, 9),
(62938400, 4238643, 1778901, 3635144, 1, 0, 1494122589, 248550118, 51380, 18),
(62938399, 4238643, 6167351, 15418375, 1, 0, 1494122589, 248550176, 51029, 20),
(62938397, 4238643, 2678849, 3481209, 1, 0, 1494122589, 248549782, 52137, 5),
(62938395, 4238643, 3887634, 8416690, 1, 0, 1494122589, 248549745, 52638, 3),
(62938393, 4238643, 12383135, 18265351, 1, 0, 1494122589, 248550030, 51496, 14),
(62936847, 4238643, 5763212, 7261632, 1, 0, 1494116613, 249014502, 12, 51482),
(62936842, 4238643, 9492035, 12909120, 1, 0, 1494116495, 249014480, 12, 52979),
(62933245, 4238643, 11280906, 17510962, 1, 0, 1494095111, 248962135, 5, 52858),
(62932066, 4238643, 15401731, 19306728, 0, 1, 1494090673, 248562639, 14, 52142),
(62931972, 4238643, 7251719, 8534783, 0, 1, 1494090375, 248549889, 12, 9),
(62931517, 4238643, 14756600, 22118746, 0, 1, 1494088990, 248837191, 18, 52980),
(62928618, 4238643, 5752756, 14381888, 0, 1, 1494086588, 248550115, 49999, 17),
(62928616, 4238643, 12832646, 17377485, 0, 1, 1494086588, 248550033, 51484, 14),
(62928612, 4238643, 6284543, 7227224, 0, 1, 1494086588, 248550058, 51076, 15),
(62926777, 4238643, 15418407, 19273000, 0, 1, 1494082926, 248965913, 3, 51495),
(62926492, 4238643, 11437504, 15186589, 0, 1, 1494081785, 248550208, 8, 52865),
(62926486, 4238643, 3071721, 3501762, 0, 1, 1494081750, 248549805, 8, 6),
(62926340, 4238643, 36930007, 52100068, 0, 1, 1494081194, 248803972, 10, 52976),
(62923790, 4238643, 678135, 1695337, 0, 1, 1494079385, 248549727, 51874, 3),
(62923787, 4238643, 3791424, 9478560, 0, 1, 1494079385, 248549732, 52639, 3),
(62923782, 4238643, 26617021, 31438944, 0, 1, 1494079385, 248549924, 52133, 10),
(62922599, 4238643, 10647070, 18719525, 0, 1, 1494077968, 248935259, 4, 52850),
(62922325, 4238643, 18605018, 31802965, 0, 1, 1494076648, 248944801, 1, 52850),
(62919220, 4238643, 17917536, 31388148, 0, 1, 1494072192, 248550138, 51441, 18),
(62917204, 4238643, 10054324, 14779821, 0, 1, 1494067897, 248948964, 3, 52849),
(62916855, 4238643, 9004632, 11345796, 0, 1, 1494066711, 248948963, 3, 52849),
(62914154, 4238643, 9264346, 13819260, 0, 1, 1494064991, 248549926, 51186, 10),
(62914150, 4238643, 2788884, 6972210, 0, 1, 1494064991, 248549736, 51184, 3),
(62913119, 4238643, 6587829, 8999527, 0, 1, 1494064847, 248685582, 15, 52600),
(62912637, 4238643, 12415144, 17753593, 0, 1, 1494063147, 248942230, 20, 51483),
(62908496, 4238643, 9382664, 23456660, 0, 1, 1494057786, 248549747, 51481, 3),
(62908491, 4238643, 6490511, 16225883, 0, 1, 1494057785, 248549975, 51081, 12),
(62908488, 4238643, 3878805, 9697010, 0, 1, 1494057785, 248550165, 51177, 20),
(62906410, 4238643, 11700871, 19350004, 0, 1, 1494054558, 248854500, 18, 51498),
(62906190, 4238643, 22869987, 31217950, 0, 1, 1494053915, 248550204, 9, 51495),
(62903105, 4238643, 4262655, 4890727, 0, 1, 1494050581, 248550157, 52633, 19),
(62903103, 4238643, 4554130, 8747598, 0, 1, 1494050581, 248550127, 51054, 18),
(62903100, 4238643, 8404599, 11262162, 0, 1, 1494050580, 248549828, 51496, 6),
(62901278, 4238643, 10025954, 12833152, 0, 1, 1494045176, 248925043, 10, 52978),
(62898973, 4238643, 4181303, 5186229, 0, 1, 1494043386, 248549790, 52633, 5),
(62898972, 4238643, 6872985, 7629013, 0, 1, 1494043386, 248549825, 51029, 6),
(62894834, 4238643, 6121353, 8631108, 0, 1, 1494036194, 248549681, 51489, 1),
(62894832, 4238643, 1447572, 2921366, 0, 1, 1494036194, 248549831, 52131, 7),
(62894831, 4238643, 6959451, 8072963, 0, 1, 1494036194, 248549687, 51074, 1),
(62894828, 4238643, 1755794, 3028846, 0, 1, 1494036194, 248549755, 51507, 4),
(62894826, 4238643, 3561786, 6619340, 0, 1, 1494036194, 248549870, 52623, 8),
(62894825, 4238643, 15566569, 30043479, 0, 1, 1494036194, 248549895, 51087, 9),
(62894823, 4238643, 655581, 1425686, 0, 1, 1494036194, 248549955, 51879, 12),
(62891401, 4238643, 4729725, 4729725, 0, 1, 1494015503, 248550060, 3, 15),
(62887515, 4238643, 13491026, 19926444, -1, 2, 1494001314, 248803973, 14, 52850),
(62884992, 4238643, 1182316, 2955787, -1, 2, 1494000166, 248550112, 51051, 17),
(62884990, 4238643, 1738008, 3458636, -1, 2, 1494000166, 248549890, 52131, 9),
(62884989, 4238643, 2581992, 5260494, -1, 2, 1494000166, 248550014, 51490, 14),
(62882707, 4238643, 25481352, 35441488, -1, 2, 1493995564, 248550197, 9, 52851),
(62882691, 4238643, 17089053, 22642790, -1, 2, 1493995504, 248549894, 4, 9),
(62879630, 4238643, 3013028, 4450401, -1, 2, 1493992964, 248549847, 51435, 7),
(62879629, 4238643, 3608098, 9020074, -1, 2, 1493992964, 248549741, 52624, 3),
(62879628, 4238643, 2206629, 4661972, -1, 2, 1493992963, 248550027, 51378, 14),
(62877642, 4238643, 11369904, 16540545, -1, 2, 1493988701, 248750263, 14, 51498),
(62877429, 4238643, 15432313, 16075235, -1, 2, 1493987833, 248549927, 7, 10),
(62874529, 4238643, 6082307, 9138151, -1, 2, 1493985790, 248549801, 51486, 5),
(62874526, 4238643, 3097849, 4470929, -1, 2, 1493985790, 248549841, 51433, 7),
(62874525, 4238643, 1179047, 2947615, -1, 2, 1493985790, 248550090, 51051, 17),
(62874523, 4238643, 5964205, 8557337, -1, 2, 1493985790, 248549852, 49999, 7),
(62874519, 4238643, 1184085, 2439671, -1, 2, 1493985790, 248550121, 52591, 18),
(62868940, 4238643, 2791712, 4040901, -1, 2, 1493978566, 248549840, 51079, 7),
(62868939, 4238643, 1001455, 2503637, -1, 2, 1493978566, 248549731, 51868, 3),
(62868937, 4238643, 1234374, 3085932, -1, 2, 1493978566, 248550192, 51728, 17),
(62867187, 4238643, 2048944, 2970743, -1, 2, 1493975691, 248550218, 7, 53196),
(62866968, 4238643, 11118058, 15818568, -1, 2, 1493974797, 248685580, 3, 51488),
(62866944, 4238643, 10082040, 14215620, -1, 2, 1493974712, 248828787, 3, 52973),
(62866857, 4238643, 16983384, 22757622, -1, 2, 1493974415, 248830821, 20, 52851),
(62866299, 4238643, 10048416, 17008278, -1, 2, 1493972903, 248549765, 5, 4),
(62865803, 4238643, 13706447, 18914832, -1, 2, 1493971957, 248828756, 10, 51445),
(62863183, 4238643, 1058400, 2645800, -1, 2, 1493971364, 248549963, 51866, 12),
(62863182, 4238643, 2209410, 5082058, -1, 2, 1493971364, 248549962, 51886, 12),
(62863181, 4238643, 6574455, 16435841, -1, 2, 1493971364, 248549746, 51082, 3),
(62863179, 4238643, 7721832, 7400374, -1, 2, 1493971364, 248549915, 51186, 10),
(62863177, 4238643, 5129736, 9832302, -1, 2, 1493971364, 248549861, 51081, 8),
(62863175, 4238643, 7113365, 17783410, -1, 2, 1493971364, 248550186, 51078, 20),
(62863173, 4238643, 6326168, 9584755, -1, 2, 1493971364, 248549775, 51438, 4),
(62863171, 4238643, 3368350, 8420872, -1, 2, 1493971364, 248550166, 51446, 20),
(62863169, 4238643, 1531202, 3056402, -1, 2, 1493971364, 248550025, 52138, 14),
(62863166, 4238643, 1759652, 4398739, -1, 2, 1493971364, 248549965, 51507, 12),
(62857306, 4238643, 2365951, 4337463, -1, 2, 1493964164, 248549728, 51388, 3),
(62857303, 4238643, 636228, 953188, -1, 2, 1493964164, 248549830, 51879, 7),
(62857302, 4238643, 3611688, 3611688, -1, 2, 1493964164, 248550057, 52140, 15),
(62857300, 4238643, 4618426, 10068168, -1, 2, 1493964164, 248549883, 51869, 9),
(62852082, 4238643, 2384109, 4076826, -1, 2, 1493956965, 248549684, 51880, 1),
(62852079, 4238643, 698195, 1050646, -1, 2, 1493956965, 248550011, 51874, 14),
(62847329, 4238643, 1601529, 2015147, -1, 2, 1493949782, 248549738, 52130, 3),
(62847327, 4238643, 665138, 816561, -1, 2, 1493949782, 248550193, 49122, 10),
(62847325, 4238643, 5854690, 5854690, -1, 2, 1493949782, 248550061, 51884, 15),
(62847322, 4238643, 1134222, 1507501, -1, 2, 1493949782, 248549829, 51866, 7),
(62847319, 4238643, 4263050, 5233563, -1, 2, 1493949782, 248550154, 52634, 19),
(62847317, 4238643, 1925379, 3955034, -1, 2, 1493949782, 248550010, 51388, 14),
(62844991, 4238643, 18437464, 28282051, -1, 2, 1493935573, 248550207, 18, 51495),
(62843475, 4238643, 4257918, 6678294, -1, 2, 1493927571, 248622996, 14, 52862),
(62835553, 4238643, 3171823, 7929555, -2, 3, 1493910149, 248550164, 51182, 20),
(62835551, 4238643, 1688699, 3377398, -2, 3, 1493910149, 248549898, 51382, 9),
(62834085, 4238643, 9672992, 15395884, -2, 3, 1493908349, 248550213, 8, 51499),
(62833733, 4238643, 9455770, 10357785, -2, 3, 1493906956, 248739104, 20, 51448),
(62832826, 4238643, 11003076, 16510635, -2, 3, 1493903993, 248550212, 9, 52850),
(62832794, 4238643, 10086920, 15834832, -2, 3, 1493903939, 248550215, 9, 51483),
(62830226, 4238643, 694898, 792184, -2, 3, 1493902944, 248550037, 51875, 15),
(62830225, 4238643, 1639820, 2951865, -2, 3, 1493902944, 248550017, 52147, 14),
(62830224, 4238643, 8708956, 17853360, -2, 3, 1493902943, 248549900, 51081, 9),
(62830222, 4238643, 4793964, 5852473, -2, 3, 1493902943, 248550124, 52619, 18),
(62830219, 4238643, 3891846, 4248885, -2, 3, 1493902943, 248549862, 52627, 8),
(62828809, 4238643, 8692551, 9960413, -2, 3, 1493901706, 248550035, 8, 14),
(62827671, 4238643, 4178182, 4857637, -2, 3, 1493897186, 248550119, 3, 18),
(62824896, 4238643, 5534972, 7057229, -2, 3, 1493895747, 248549750, 51081, 3),
(62824893, 4238643, 2923669, 3651055, -2, 3, 1493895747, 248549797, 52146, 5),
(62824891, 4238643, 7920762, 11155572, -2, 3, 1493895747, 248549909, 51867, 10),
(62824889, 4238643, 8004846, 12703341, -2, 3, 1493895747, 248549939, 51178, 11),
(62824887, 4238643, 2801533, 4214150, -2, 3, 1493895747, 248550015, 52143, 14),
(62824885, 4238643, 10661917, 20346438, -2, 3, 1493895747, 248549876, 52144, 8),
(62822150, 4238643, 19129656, 26781440, -2, 3, 1493889976, 248703849, 10, 51482),
(62819322, 4238643, 761603, 1440202, -2, 3, 1493888545, 248549855, 52600, 8),
(62819321, 4238643, 3096069, 6747052, -2, 3, 1493888545, 248550132, 52145, 18),
(62819319, 4238643, 1229865, 3074660, -2, 3, 1493888545, 248550196, 52591, 20),
(62819315, 4238643, 6329844, 7543383, -2, 3, 1493888544, 248549918, 50689, 10),
(62817226, 4238643, 13251209, 16696512, -2, 3, 1493885145, 248714197, 20, 51495),
(62813537, 4238643, 1134222, 2257101, -2, 3, 1493881336, 248549880, 51866, 9),
(62807885, 4238643, 4712330, 11780822, -2, 3, 1493874136, 248550173, 52630, 20),
(62807884, 4238643, 1640519, 2119389, -2, 3, 1493874136, 248549864, 52131, 8),
(62807883, 4238643, 2604495, 3615781, -2, 3, 1493874136, 248549798, 51485, 5),
(62807880, 4238643, 3335443, 4588248, -2, 3, 1493874136, 248549784, 51433, 5),
(62807878, 4238643, 2249720, 5624297, -2, 3, 1493874135, 248550184, 52616, 20),
(62803459, 4238643, 2660210, 3591925, -2, 3, 1493866948, 248549783, 52143, 5),
(62803458, 4238643, 2330272, 3106704, -2, 3, 1493866948, 248549858, 51506, 8),
(62803456, 4238643, 811769, 2029420, -2, 3, 1493866948, 248550163, 51376, 20),
(62803454, 4238643, 3940498, 4942374, -2, 3, 1493866947, 248550026, 52638, 14),
(62798938, 4238643, 1325744, 1618308, -2, 3, 1493859763, 248550032, 51382, 14),
(62798937, 4238643, 978110, 2445272, -2, 3, 1493859763, 248550169, 51923, 20),
(62798936, 4238643, 3885968, 8209476, -2, 3, 1493859763, 248550135, 52626, 18),
(62798935, 4238643, 3836567, 5025902, -2, 3, 1493859763, 248549679, 51177, 1),
(62798934, 4238643, 7013311, 10388678, -2, 3, 1493859763, 248549931, 51484, 11),
(62798933, 4238643, 1736492, 2004369, -2, 3, 1493859762, 248550195, 51215, 14),
(62796876, 4238643, 3393495, 6549445, -2, 3, 1493849596, 248549885, 8, 9),
(62787768, 4238643, 2047267, 2286450, -3, 4, 1493823777, 248549865, 51387, 8),
(62782409, 4238643, 831835, 831834, -3, 4, 1493816577, 248550188, 52598, 1),
(62780789, 4238643, 2100231, 2100230, -3, 4, 1493813832, 248549810, 8, 6),
(62777845, 4238643, 24277164, 35960658, -3, 4, 1493809468, 248562641, 1, 51378),
(62777115, 4238643, 2475286, 2475286, -3, 4, 1493809386, 248550189, 51080, 6),
(62777113, 4238643, 2313089, 2313089, -3, 4, 1493809386, 248549818, 51506, 6),
(62777112, 4238643, 2239062, 4052702, -3, 4, 1493809386, 248549701, 52135, 1),
(62774727, 4238643, 4922634, 7199908, -3, 4, 1493804720, 248550216, 6, 51445),
(62771546, 4238643, 3955300, 3955300, -3, 4, 1493802184, 248549823, 52638, 6),
(62771545, 4238643, 7689361, 16948166, -3, 4, 1493802183, 248549906, 51082, 10),
(62771544, 4238643, 989520, 989520, -3, 4, 1493802183, 248549813, 51876, 6),
(62769780, 4238643, 7668681, 13294636, -3, 4, 1493799735, 248578638, 11, 52133),
(62769418, 4238643, 9449147, 10447737, -3, 4, 1493798472, 248572678, 10, 51497),
(62760139, 4238643, 5527594, 13818696, -3, 4, 1493787775, 248549913, 51867, 10),
(62760137, 4238643, 15528609, 20031906, -3, 4, 1493787775, 248549696, 52144, 1),
(62755764, 4238643, 4700892, 5029954, -3, 4, 1493780575, 248549685, 51491, 1),
(62751278, 4238643, 4268483, 7712137, -3, 4, 1493773398, 248549940, 52631, 11),
(62751277, 4238643, 6573584, 6573584, -3, 4, 1493773398, 248549692, 51082, 1),
(62999954, 4238643, 5033700, 12584248, 2, 0, 1494234314, 248550171, 51076, 20),
(62999953, 4238643, 2641520, 3801097, 2, 0, 1494234313, 248550003, 52616, 13),
(62999951, 4238643, 2020324, 3010282, 2, 0, 1494234313, 248550076, 51870, 16),
(62999949, 4238643, 7479553, 11343665, 2, 0, 1494234313, 248550007, 51082, 13),
(62998612, 4238643, 10546242, 15291990, 2, 0, 1494233248, 249154444, 3, 51482),
(62998565, 4238643, 21839955, 26853953, 2, 0, 1494232998, 248550198, 14, 51445),
(62998273, 4238643, 18868846, 21227635, 2, 0, 1494231964, 248549923, 14, 10),
(62997576, 4238643, 5802725, 7485483, 2, 0, 1494229900, 249155815, 13, 52849),
(62997274, 4238643, 9407613, 13452868, 2, 0, 1494228982, 249154490, 13, 51441),
(62994533, 4238643, 1862932, 4657327, 2, 0, 1494226983, 248549954, 52147, 12),
(62994530, 4238643, 6171908, 8023480, 2, 0, 1494226983, 248550001, 51020, 13),
(62991995, 4238643, 8016197, 10420930, 2, 0, 1494221560, 249144307, 16, 52865),
(62991901, 4238643, 2210308, 2807081, 2, 0, 1494221373, 249144269, 12, 51440),
(62991658, 4238643, 9888340, 11805102, 2, 0, 1494220713, 248549910, 2, 10),
(62991636, 4238643, 18344835, 23543492, 2, 0, 1494220682, 248550206, 2, 51441),
(62989438, 4238643, 3561786, 8904465, 2, 0, 1494219782, 248549715, 51447, 2),
(62989436, 4238643, 14637986, 29458490, 2, 0, 1494219782, 248550031, 52133, 14),
(62989434, 4238643, 3416993, 5467189, 2, 0, 1494219782, 248550066, 51448, 16),
(62989433, 4238643, 3345929, 7653447, 2, 0, 1494219782, 248550020, 51431, 14),
(62989432, 4238643, 7808875, 9520603, 2, 0, 1494219781, 248550158, 51496, 19),
(62989430, 4238643, 4279686, 7063031, 2, 0, 1494219781, 248550159, 51887, 19),
(62989428, 4238643, 1752331, 2242983, 2, 0, 1494219781, 248550062, 51387, 16),
(62985392, 4238643, 4575754, 11439385, 2, 0, 1494212584, 248549742, 49999, 3),
(62985391, 4238643, 5001966, 12504915, 2, 0, 1494212584, 248549726, 51029, 2),
(62985390, 4238643, 7054235, 10299183, 2, 0, 1494212584, 248550002, 51074, 13),
(62985388, 4238643, 5804632, 14511578, 2, 0, 1494212584, 248550114, 51480, 17),
(62985386, 4238643, 9662993, 23912404, 2, 0, 1494212584, 248549976, 50689, 12),
(62981385, 4238643, 1380825, 1670798, 2, 0, 1494205407, 248549999, 51379, 13),
(63060572, 4238643, 19664918, 22715414, 3, 0, 1494338715, 249297296, 3, 51483),
(63059984, 4238643, 3889263, 5017149, 3, 0, 1494338620, 248550075, 52636, 16),
(63059982, 4238643, 8116647, 11268220, 3, 0, 1494338619, 248549934, 51481, 11),
(63059980, 4238643, 3224462, 5024347, 3, 0, 1494338619, 248549997, 51430, 13),
(63059977, 4238643, 6412656, 12077492, 3, 0, 1494338619, 248549748, 51076, 3),
(63054746, 4238643, 1517410, 2415058, 3, 0, 1494331413, 248549979, 52138, 13),
(63054744, 4238643, 3561885, 5699016, 3, 0, 1494331413, 248549812, 51442, 6),
(63053431, 4238643, 11432274, 20095042, 3, 0, 1494330483, 249286011, 6, 51496),
(63052984, 4238643, 13573223, 20609806, 3, 0, 1494328161, 249273504, 8, 51483),
(63052493, 4238643, 8245435, 13705539, 3, 0, 1494326607, 249273505, 16, 51445),
(63052473, 4238643, 4055365, 4089868, 3, 0, 1494326520, 249297297, 16, 52893),
(63052226, 4238643, 16028485, 20035606, 3, 0, 1494325839, 248549877, 12, 8),
(63049288, 4238643, 4066608, 6099912, 3, 0, 1494324232, 248550072, 51882, 16),
(63049285, 4238643, 6004009, 11047377, 3, 0, 1494324232, 248550088, 51438, 16),
(63049281, 4238643, 3700721, 9251800, 3, 0, 1494324231, 248549969, 52625, 12),
(63047352, 4238643, 6661305, 11165559, 3, 0, 1494320604, 249258600, 14, 51490),
(63043640, 4238643, 3561786, 8904462, 3, 0, 1494317017, 248549966, 51439, 12),
(63043638, 4238643, 2411647, 2725161, 3, 0, 1494317017, 248550082, 51870, 16),
(63043637, 4238643, 4679268, 8071451, 3, 0, 1494317017, 248549857, 51489, 8),
(63040095, 4238643, 12486180, 22118120, 3, 0, 1494310154, 249258598, 11, 52976),
(63037661, 4238643, 4417812, 4417812, 3, 0, 1494309822, 248549788, 51882, 5),
(63034762, 4238643, 13701079, 16887040, 3, 0, 1494303270, 248550210, 20, 52976),
(63032182, 4238643, 8663645, 14004734, 3, 0, 1494302618, 248550023, 51083, 14),
(63032180, 4238643, 4532996, 4932644, 3, 0, 1494302617, 248549792, 51882, 5),
(63032178, 4238643, 7967206, 9494405, 3, 0, 1494302617, 248549873, 51496, 8),
(63027459, 4238643, 4331278, 10828195, 3, 0, 1494295432, 248549712, 52628, 2),
(63027456, 4238643, 6223770, 7430189, 3, 0, 1494295432, 248549803, 51076, 5),
(63027453, 4238643, 7316532, 18291328, 3, 0, 1494295431, 248550178, 51081, 20),
(63023203, 4238643, 10444259, 12610256, 3, 0, 1494271531, 248549938, 8, 11),
(63021260, 4238643, 11542272, 20177883, 2, 0, 1494266479, 249198743, 6, 51481),
(63021195, 4238643, 4089813, 6006295, 2, 0, 1494266202, 248550146, 19, 6),
(63020954, 4238643, 24926230, 32404060, 2, 0, 1494265221, 249194858, 10, 52975),
(63020121, 4238643, 13904691, 21501446, 2, 0, 1494262321, 249049999, 19, 52968),
(63019756, 4238643, 18668195, 27815469, 2, 0, 1494261198, 249205971, 12, 52975),
(63017990, 4238643, 10864978, 11498734, 2, 0, 1494256544, 248549920, 16, 10),
(63015594, 4238643, 2228016, 2918700, 2, 0, 1494255834, 248550070, 51373, 16),
(63015591, 4238643, 1888550, 2568428, 2, 0, 1494255834, 248549989, 52139, 13),
(63015210, 4238643, 12758373, 22111544, 2, 0, 1494255778, 249149346, 17, 52133),
(63013989, 4238643, 9053553, 14832116, 2, 0, 1494253947, 249127271, 2, 52976),
(63013939, 4238643, 16593444, 24060430, 2, 0, 1494253783, 249196079, 4, 52862),
(63013032, 4238643, 12004538, 18556331, 2, 0, 1494250406, 249190414, 1, 52849),
(63010350, 4238643, 2572986, 6432465, 2, 0, 1494248627, 248549714, 51184, 2),
(63010349, 4238643, 3218019, 4505226, 2, 0, 1494248627, 248550045, 51435, 15),
(63010346, 4238643, 1685375, 4213435, 2, 0, 1494248627, 248550096, 52620, 17),
(63010344, 4238643, 3415098, 8537745, 2, 0, 1494248627, 248549716, 51437, 2),
(63010341, 4238643, 2715039, 6787595, 2, 0, 1494248627, 248550100, 51080, 17),
(63008774, 4238643, 20582242, 25217325, 2, 0, 1494245823, 248550205, 15, 51445),
(63005297, 4238643, 996861, 1325825, 2, 0, 1494241427, 248550077, 51874, 16),
(63004034, 4238643, 10271856, 12839750, 2, 0, 1494240347, 249173156, 20, 52976),
(63003614, 4238643, 12568589, 16464735, 2, 0, 1494238866, 249171976, 13, 52862);

/*!40101 SET CHARACTER_SET_CLIENT=@OLD_CHARACTER_SET_CLIENT */;
/*!40101 SET CHARACTER_SET_RESULTS=@OLD_CHARACTER_SET_RESULTS */;
/*!40101 SET COLLATION_CONNECTION=@OLD_COLLATION_CONNECTION */;
